{
  "model": "deep_learning_lstm",
  "n_features": 26,
  "train_time_s": 93.49576210975647,
  "metrics": {
    "adj_r2": 0.8614794015884399,
    "mae": 0.23170225322246552,
    "rmse": 0.4125823974609375,
    "max_overpredict": 2.3271355628967285,
    "mos_01": 0.8259902000427246,
    "inference_time_ms": 152.24831449449994
  },
  "y_pred_test": [
    0.6810264587402344,
    0.3001245856285095,
    0.7901797294616699,
    0.6689490079879761,
    1.2695926427841187,
    3.0667872428894043,
    2.621199131011963,
    2.1929495334625244,
    2.2113022804260254,
    2.672727584838867,
    3.1707727909088135,
    3.246584415435791,
    0.8017611503601074,
    3.4647045135498047,
    0.3843870759010315,
    0.46259379386901855,
    2.9396111965179443,
    3.313918113708496,
    3.226640224456787,
    0.5865160822868347,
    3.1874446868896484,
    0.121023029088974,
    3.2881951332092285,
    3.0388872623443604,
    3.224569320678711,
    0.598986804485321,
    3.152756690979004,
    0.3275870382785797,
    3.2790989875793457,
    2.185145854949951,
    0.24052461981773376,
    1.2646747827529907,
    0.2921193242073059,
    1.1754804849624634,
    3.2212512493133545,
    1.1513265371322632,
    0.2581809163093567,
    0.41934633255004883,
    3.2673985958099365,
    0.11415530741214752,
    3.1513187885284424,
    3.2540533542633057,
    0.2829340100288391,
    2.0269362926483154,
    0.6117992401123047,
    3.366077423095703,
    3.2279021739959717,
    0.1783711314201355,
    3.344003915786743,
    3.0607004165649414,
    0.5920728445053101,
    1.628956913948059,
    2.7320733070373535,
    0.392821341753006,
    3.1406452655792236,
    2.02994441986084,
    0.5993563532829285,
    2.9841060638427734,
    3.1552281379699707,
    0.41587886214256287,
    3.2077012062072754,
    0.5371420979499817,
    2.9987893104553223,
    2.8580667972564697,
    0.8523231148719788,
    2.9761972427368164,
    0.11369097232818604,
    3.2397260665893555,
    0.1788044273853302,
    0.1775631606578827,
    2.1851460933685303,
    0.06448468565940857,
    3.2401623725891113,
    0.28900787234306335,
    2.41652250289917,
    0.6331306099891663,
    1.160448670387268,
    1.0923562049865723,
    0.4172039031982422,
    0.6808521151542664,
    0.17699182033538818,
    0.3391236364841461,
    3.3112871646881104,
    1.3527551889419556,
    2.9811151027679443,
    1.32420814037323,
    1.942910075187683,
    3.195101499557495,
    0.3818029463291168,
    2.7233684062957764,
    3.256756544113159,
    0.7065937519073486,
    3.103188991546631,
    3.3245058059692383,
    2.5556204319000244,
    1.2803860902786255
  ],
  "y_true_test": [
    0.7415059208869934,
    0.2318345159292221,
    0.8829445838928223,
    0.6013826727867126,
    1.2564893960952759,
    2.3198046684265137,
    1.9572501182556152,
    1.8592015504837036,
    2.784193277359009,
    2.226341724395752,
    3.3482422828674316,
    3.3449859619140625,
    1.1608110666275024,
    3.3420486450195312,
    0.3244776129722595,
    0.4168080687522888,
    2.508735179901123,
    3.350360155105591,
    3.2108328342437744,
    0.5564141273498535,
    3.3564236164093018,
    0.09272413700819016,
    3.3474185466766357,
    3.3415842056274414,
    3.3466696739196777,
    0.6028226017951965,
    3.3528330326080322,
    0.2784724235534668,
    3.357320785522461,
    1.764583945274353,
    0.1853155940771103,
    1.5793660879135132,
    0.2319391816854477,
    1.0251693725585938,
    3.3499526977539062,
    3.064234972000122,
    0.18539613485336304,
    0.3711976706981659,
    3.346967935562134,
    0.09287130832672119,
    3.334879159927368,
    3.3505544662475586,
    0.2317625731229782,
    2.1371798515319824,
    0.6026334762573242,
    3.166980266571045,
    3.353472948074341,
    0.13905678689479828,
    3.352134943008423,
    3.357008457183838,
    0.9278863072395325,
    1.0208927392959595,
    3.0734341144561768,
    0.3249884247779846,
    2.5123541355133057,
    2.51178240776062,
    0.557113528251648,
    2.785451889038086,
    3.165579080581665,
    0.3718428313732147,
    3.3456170558929443,
    0.6050813794136047,
    3.35310435295105,
    3.352569818496704,
    1.2526963949203491,
    0.6490615606307983,
    0.09298727661371231,
    3.347034454345703,
    0.13950833678245544,
    0.1390547901391983,
    1.764583945274353,
    0.04653166979551315,
    3.354722738265991,
    0.2324899435043335,
    3.3473269939422607,
    0.6956825256347656,
    1.0665099620819092,
    0.9758337140083313,
    0.3713516294956207,
    0.8346596956253052,
    0.13923092186450958,
    0.2782672047615051,
    3.3535373210906982,
    1.6684894561767578,
    3.343838930130005,
    1.3009694814682007,
    2.5081393718719482,
    3.353276014328003,
    0.32530468702316284,
    3.350398540496826,
    3.345332622528076,
    0.742146372795105,
    3.340306043624878,
    3.3585166931152344,
    2.043057918548584,
    1.768312692642212
  ]
}