{
  "model": "feedforward_nn",
  "feature_set": [
    "boxcox_tip_deflection_slope",
    "boxcox_avg_strain_slope",
    "boxcox_strain_energy_slope",
    "boxcox_k_spring",
    "boxcox_inv_tip_deflection_slope",
    "ranked_strain_p04",
    "ranked_strain_p23",
    "ranked_strain_p24",
    "gompertz_log_b",
    "gompertz_c"
  ],
  "n_features": 10,
  "train_time_s": 2.5638821125030518,
  "metrics": {
    "adj_r2": 0.9711219921584779,
    "mae": 0.16312458161112264,
    "rmse": 0.21491622699801885,
    "max_overpredict": 0.6468707764663607,
    "mos_01": 0.6063239239177649,
    "inference_time_ms": 0.7431535013893154
  },
  "y_pred_test": [
    3.367133378982544,
    0.23631206154823303,
    2.9321298599243164,
    2.990525960922241,
    3.280550003051758,
    3.070952892303467,
    3.137887954711914,
    0.7611507177352905,
    0.3050847053527832,
    2.849076986312866,
    0.3032001554965973,
    3.1586756706237793,
    3.111508846282959,
    2.214959144592285,
    3.163641929626465,
    3.2132134437561035,
    0.2022337019443512,
    3.17655873298645,
    3.342508554458618,
    0.8615989685058594,
    0.6174802184104919,
    2.609523296356201,
    3.4742178916931152,
    3.4064693450927734,
    2.903489589691162,
    3.235210418701172,
    1.055914282798767,
    0.3314017355442047,
    2.1855030059814453,
    0.844916582107544,
    0.35906997323036194,
    3.2086713314056396,
    2.825037956237793,
    3.0674796104431152,
    2.3605353832244873,
    0.8817444443702698,
    3.3712267875671387,
    1.9407232999801636,
    3.5139706134796143,
    0.12110545486211777,
    0.4644487202167511,
    0.6100387573242188,
    3.555649757385254,
    0.2447730004787445,
    3.185401439666748,
    1.3180707693099976,
    0.1647903025150299,
    0.2894810736179352,
    0.15375903248786926,
    3.160383701324463,
    3.355795383453369,
    0.2217138111591339,
    2.6635184288024902,
    0.17508924007415771,
    1.696448802947998,
    0.5203795433044434,
    3.2245984077453613,
    1.651269555091858,
    0.10447152704000473,
    2.1629528999328613,
    3.3738322257995605,
    0.153141051530838,
    2.185600757598877,
    3.2082529067993164,
    3.218568801879883,
    2.9065749645233154,
    2.0991735458374023,
    0.9896682500839233,
    2.8667585849761963,
    0.24114170670509338,
    1.0174118280410767,
    3.1966724395751953,
    1.3395847082138062,
    3.4115140438079834,
    3.367070198059082,
    0.651050329208374,
    0.15949958562850952,
    0.19594743847846985,
    2.0287346839904785,
    0.09050200134515762,
    0.5978230237960815,
    1.4024919271469116,
    3.1993894577026367,
    3.0015087127685547,
    3.179810047149658,
    3.2589950561523438,
    2.3932995796203613,
    0.8257666230201721,
    1.8457187414169312,
    3.2164342403411865,
    2.3763699531555176,
    3.3535733222961426,
    0.21363824605941772,
    3.3259477615356445
  ],
  "y_true_test": [
    3.349368377955629,
    0.2792587077218682,
    3.073434113163204,
    3.1666674712841814,
    3.2114811173152193,
    3.202895892961604,
    3.3575675257857105,
    0.6038193878672351,
    0.37133474109041115,
    2.918020084240991,
    0.2321391353147697,
    3.354722815913323,
    3.3499194943491184,
    2.3754936950957775,
    3.3570083741703645,
    3.3405965696101565,
    0.27889577133479626,
    3.3569183642628615,
    3.3474185166745745,
    0.7454814673597899,
    0.6028225829086374,
    2.512354050659426,
    3.3396555197566244,
    3.3584648162802333,
    2.6477090298801222,
    3.1669802618838045,
    0.6036064753652698,
    0.09271219344275428,
    1.8592015386467737,
    0.5100277107405282,
    0.3719800807365657,
    3.3489312218704845,
    2.5087351337736385,
    3.3529192406037005,
    2.225412365939938,
    0.27847243408519445,
    3.3438788255910668,
    1.8549138727725696,
    3.3542152096994653,
    0.18576342463471288,
    0.278604870104471,
    0.557113552684977,
    3.3521255381237323,
    0.1851167526072678,
    3.3544867487924255,
    0.8346597018310369,
    0.13923292370924906,
    0.13930671897064095,
    0.13945489631838137,
    3.167266822051154,
    3.3412098669208663,
    0.13920856737350507,
    3.3411589172136162,
    0.3713539195991425,
    1.2482708402921447,
    0.5559762666949631,
    3.3483225758709048,
    1.764583887313156,
    0.09277620455035294,
    2.0381825194645664,
    3.3516612228443576,
    0.0928517822509852,
    2.049564865238501,
    3.356764119197566,
    3.343876954054317,
    3.0661711319553824,
    1.8614746673194575,
    0.5566891917690445,
    3.2134525766105337,
    0.09269205547253143,
    0.37054105157471595,
    3.3458371658361847,
    1.1607362203740204,
    3.357056099281945,
    3.352135056087975,
    0.4646319665239749,
    0.23248515351073054,
    0.2789780353144151,
    2.044519349592265,
    0.2789849126027949,
    0.8841839740043062,
    1.020892734733148,
    3.3534730409504707,
    3.3491140110096316,
    3.3562067033996477,
    3.3490763700484356,
    2.5117823123769933,
    0.6053623871143237,
    1.6746860662176382,
    3.3411068432230313,
    2.234058180578482,
    3.3570584891223674,
    0.4624399155165984,
    3.348292561064097
  ]
}