{
  "model": "feedforward_nn",
  "feature_set": [
    "tip_deflection_slope",
    "tip_per_g_at_failure",
    "avg_strain_at_failure",
    "avg_strain_slope",
    "strain_energy_at_failure",
    "strain_energy_slope",
    "k_spring",
    "Node_at_(-1.21000003814697, 0.620000004768372, 0.100502014160156)_failure",
    "Node_at_(-1.99000000953674, 1.86000001430511, -0.33738985657692)_failure",
    "Node_at_(-1.21000003814697, 1.86000001430511, -0.373274862766266)_failure",
    "Node_at_(-0.280000001192093, 1.86000001430511, -0.226147294044495)_failure",
    "Node_at_(-1.99000000953674, 0.620000004768372, -0.00359349278733134)_failure",
    "Node_at_(-0.280000001192093, 0.620000004768372, 0.145904913544655)_failure",
    "Node_at_(-1.27934789657593, 5.09038782119751, -0.247998923063278)_failure",
    "Node_at_(-1.96254920959473, 3.0180606842041, -0.0674907341599464)_failure",
    "Node_at_(-1.22343933582306, 3.03010153770447, 0.0305737629532814)_failure",
    "Node_at_(-0.351546585559845, 3.03565835952759, 0.0758307278156281)_failure",
    "Node_at_(-1.33525657653809, 7.15067100524902, -0.526596128940582)_failure",
    "Node_at_(-0.899809300899506, 7.15486812591553, -0.492415010929108)_failure",
    "Node_at_(-1.30730223655701, 6.08374261856079, -0.686900079250336)_failure",
    "Node_at_(-0.762743651866913, 6.09234952926636, -0.616802513599396)_failure",
    "Node_at_(-1.36321091651917, 8.15624618530273, -0.865970075130463)_failure",
    "Node_at_(-1.03687500953674, 8.16042137145996, -0.831966936588287)_failure",
    "Node_at_(-0.48861226439476, 4.02499437332153, -0.395802319049835)_failure",
    "Node_at_(-0.625677943229675, 5.09551858901978, -0.206212624907494)_failure",
    "Node_at_(-1.25139367580414, 4.01124095916748, -0.507814168930054)_failure",
    "Node_at_(-1.67705488204956, 8.15699577331543, -0.859869658946991)_failure",
    "Node_at_(-1.79125261306763, 6.08572340011597, -0.670768141746521)_failure",
    "Node_at_(-1.84835147857666, 5.08138942718506, -0.321285039186478)_failure",
    "Node_at_(-1.90545034408569, 4.01458883285522, -0.480548650026321)_failure",
    "Node_at_(-1.73415374755859, 7.14465618133545, -0.575582563877106)_failure"
  ],
  "n_features": 31,
  "train_time_s": 25.164283275604248,
  "metrics": {
    "adj_r2": 0.9877284121442763,
    "mae": 0.09391491989891189,
    "rmse": 0.12108567626979959,
    "max_overpredict": 0.35579099350370225,
    "mos_01": 0.3288006907758758,
    "inference_time_ms": 3.6584684930858202
  },
  "y_pred_test": [
    3.469895839691162,
    0.2314153015613556,
    2.984297513961792,
    3.1063430309295654,
    3.298854351043701,
    3.1529924869537354,
    3.323348045349121,
    0.558394730091095,
    0.3986656069755554,
    2.9992387294769287,
    0.19837500154972076,
    3.0630664825439453,
    3.354827880859375,
    2.266103506088257,
    3.188338279724121,
    3.146301031112671,
    0.2133292853832245,
    3.494713544845581,
    3.499269962310791,
    0.8030303716659546,
    0.7043309211730957,
    2.7009551525115967,
    3.5120582580566406,
    3.7142558097839355,
    2.5323126316070557,
    3.2844560146331787,
    0.6045106053352356,
    0.15161162614822388,
    1.6907384395599365,
    0.6333476305007935,
    0.29883384704589844,
    3.247546911239624,
    2.6769893169403076,
    3.070084571838379,
    2.0666916370391846,
    0.605241596698761,
    3.355405569076538,
    1.8261117935180664,
    3.4457976818084717,
    0.20475097000598907,
    0.20552606880664825,
    0.6110965609550476,
    3.388899564743042,
    0.16892321407794952,
    3.273977756500244,
    0.9322277307510376,
    0.16365176439285278,
    0.2259291559457779,
    0.15785357356071472,
    3.201805353164673,
    3.481245279312134,
    0.20282524824142456,
    3.1239500045776367,
    0.33467602729797363,
    1.366578221321106,
    0.4896935224533081,
    3.196488380432129,
    1.8022723197937012,
    0.1754087507724762,
    2.111509323120117,
    3.369320869445801,
    0.1462957113981247,
    1.9464170932769775,
    3.504807233810425,
    3.507894515991211,
    2.992017984390259,
    1.9971591234207153,
    0.6272509098052979,
    3.0762391090393066,
    0.2082783281803131,
    0.42641693353652954,
    3.443986177444458,
    1.278325080871582,
    3.198247194290161,
    3.066253423690796,
    0.4696895480155945,
    0.2316836565732956,
    0.2750273048877716,
    2.1339118480682373,
    0.3377104103565216,
    0.9169384241104126,
    1.0072590112686157,
    3.0567843914031982,
    3.278733968734741,
    3.307058095932007,
    3.343832015991211,
    2.446959972381592,
    0.6635801792144775,
    1.6554172039031982,
    3.374458074569702,
    2.2453277111053467,
    3.5399906635284424,
    0.44214463233947754,
    3.3913300037384033
  ],
  "y_true_test": [
    3.349368377955629,
    0.2792587077218682,
    3.073434113163204,
    3.1666674712841814,
    3.2114811173152193,
    3.202895892961604,
    3.3575675257857105,
    0.6038193878672351,
    0.37133474109041115,
    2.918020084240991,
    0.2321391353147697,
    3.354722815913323,
    3.3499194943491184,
    2.3754936950957775,
    3.3570083741703645,
    3.3405965696101565,
    0.27889577133479626,
    3.3569183642628615,
    3.3474185166745745,
    0.7454814673597899,
    0.6028225829086374,
    2.512354050659426,
    3.3396555197566244,
    3.3584648162802333,
    2.6477090298801222,
    3.1669802618838045,
    0.6036064753652698,
    0.09271219344275428,
    1.8592015386467737,
    0.5100277107405282,
    0.3719800807365657,
    3.3489312218704845,
    2.5087351337736385,
    3.3529192406037005,
    2.225412365939938,
    0.27847243408519445,
    3.3438788255910668,
    1.8549138727725696,
    3.3542152096994653,
    0.18576342463471288,
    0.278604870104471,
    0.557113552684977,
    3.3521255381237323,
    0.1851167526072678,
    3.3544867487924255,
    0.8346597018310369,
    0.13923292370924906,
    0.13930671897064095,
    0.13945489631838137,
    3.167266822051154,
    3.3412098669208663,
    0.13920856737350507,
    3.3411589172136162,
    0.3713539195991425,
    1.2482708402921447,
    0.5559762666949631,
    3.3483225758709048,
    1.764583887313156,
    0.09277620455035294,
    2.0381825194645664,
    3.3516612228443576,
    0.0928517822509852,
    2.049564865238501,
    3.356764119197566,
    3.343876954054317,
    3.0661711319553824,
    1.8614746673194575,
    0.5566891917690445,
    3.2134525766105337,
    0.09269205547253143,
    0.37054105157471595,
    3.3458371658361847,
    1.1607362203740204,
    3.357056099281945,
    3.352135056087975,
    0.4646319665239749,
    0.23248515351073054,
    0.2789780353144151,
    2.044519349592265,
    0.2789849126027949,
    0.8841839740043062,
    1.020892734733148,
    3.3534730409504707,
    3.3491140110096316,
    3.3562067033996477,
    3.3490763700484356,
    2.5117823123769933,
    0.6053623871143237,
    1.6746860662176382,
    3.3411068432230313,
    2.234058180578482,
    3.3570584891223674,
    0.4624399155165984,
    3.348292561064097
  ]
}