{
  "model": "gaussian_process_regression",
  "feature_set": [
    "boxcox_tip_deflection_slope",
    "boxcox_tip_per_g_at_failure",
    "boxcox_avg_strain_at_failure",
    "boxcox_avg_strain_slope",
    "boxcox_strain_energy_at_failure",
    "boxcox_strain_energy_slope",
    "boxcox_k_spring",
    "boxcox_inv_tip_per_g_at_failure",
    "boxcox_inv_tip_deflection_slope",
    "boxcox_inv_max_vm_stress_at_failure",
    "boxcox_sqrt_strain_energy_at_failure",
    "boxcox_max_vm_stress_at_failure"
  ],
  "n_features": 12,
  "train_time_s": 61.8018945799995,
  "cv_r2": 0.7545561249847599,
  "metrics": {
    "adj_r2": 0.9997123325694872,
    "mae": 0.0067787427371979675,
    "rmse": 0.021190168149981644,
    "max_overpredict": 0.18120508693764512,
    "mos_01": 0.07783454504962,
    "inference_time_ms": 1.183221502287779
  },
  "y_pred_test": [
    3.3468925110657963,
    0.2794781152886119,
    3.0807887446641056,
    3.1672693492322237,
    3.2141185288156704,
    3.216646281858565,
    3.3605252234468814,
    0.6061810484874119,
    0.3714451769744509,
    2.926097524078004,
    0.23609837600307815,
    3.355890481590996,
    3.3531992814600455,
    2.3547676911707653,
    3.357281529670482,
    3.342090933462144,
    0.2774016668187709,
    3.3566175262457345,
    3.3473679974002977,
    0.7464013591354048,
    0.5995602080827611,
    2.509234967783452,
    3.3417169754459892,
    3.3598726644052537,
    2.6357754555488,
    3.162867583621206,
    0.595013435802594,
    0.09064066750655964,
    1.8650201875166412,
    0.5071069988936319,
    0.37251239138699477,
    3.350625198242075,
    2.5059291948858737,
    3.3508913172356345,
    2.1888111590177606,
    0.28004565347363974,
    3.342265801526565,
    1.8540461040074094,
    3.3529047884640804,
    0.366968511572358,
    0.27889498372120536,
    0.5619893754675289,
    3.353590732833494,
    0.18397405426723235,
    3.3564174738812045,
    0.8350673762401033,
    0.137278180187409,
    0.15014930942332105,
    0.13744093054453366,
    3.165560764054798,
    3.3407835733461724,
    0.13490047492945934,
    3.3457434263610324,
    0.3722381625609059,
    1.2520418029907647,
    0.6260302333229046,
    3.346439195791719,
    1.7635358427108083,
    0.09658900061489817,
    2.0289874606010305,
    3.350424154434293,
    0.09408821359731889,
    2.049619391023781,
    3.358137279101686,
    3.335506180801502,
    3.074185922444826,
    1.861512819384619,
    0.5586589710644316,
    3.2277253329591615,
    0.09323174988011718,
    0.3792477028293948,
    3.350138785968871,
    1.1575503703860908,
    3.3593731045275472,
    3.3519843853206748,
    0.46668124304207814,
    0.23029335804588347,
    0.27650834468256336,
    2.0451178953107463,
    0.2935682769718293,
    0.8840172698023827,
    1.0435917177440905,
    3.352705091456644,
    3.3397450872291854,
    3.358103092624523,
    3.351755792522593,
    2.5019107297779586,
    0.603048416266158,
    1.68656091926395,
    3.3411595829491763,
    2.2290465483414645,
    3.359347525048463,
    0.47109231116617045,
    3.342738066696443
  ],
  "y_true_test": [
    3.349368377955629,
    0.2792587077218682,
    3.073434113163204,
    3.1666674712841814,
    3.2114811173152193,
    3.202895892961604,
    3.3575675257857105,
    0.6038193878672351,
    0.37133474109041115,
    2.918020084240991,
    0.2321391353147697,
    3.354722815913323,
    3.3499194943491184,
    2.3754936950957775,
    3.3570083741703645,
    3.3405965696101565,
    0.27889577133479626,
    3.3569183642628615,
    3.3474185166745745,
    0.7454814673597899,
    0.6028225829086374,
    2.512354050659426,
    3.3396555197566244,
    3.3584648162802333,
    2.6477090298801222,
    3.1669802618838045,
    0.6036064753652698,
    0.09271219344275428,
    1.8592015386467737,
    0.5100277107405282,
    0.3719800807365657,
    3.3489312218704845,
    2.5087351337736385,
    3.3529192406037005,
    2.225412365939938,
    0.27847243408519445,
    3.3438788255910668,
    1.8549138727725696,
    3.3542152096994653,
    0.18576342463471288,
    0.278604870104471,
    0.557113552684977,
    3.3521255381237323,
    0.1851167526072678,
    3.3544867487924255,
    0.8346597018310369,
    0.13923292370924906,
    0.13930671897064095,
    0.13945489631838137,
    3.167266822051154,
    3.3412098669208663,
    0.13920856737350507,
    3.3411589172136162,
    0.3713539195991425,
    1.2482708402921447,
    0.5559762666949631,
    3.3483225758709048,
    1.764583887313156,
    0.09277620455035294,
    2.0381825194645664,
    3.3516612228443576,
    0.0928517822509852,
    2.049564865238501,
    3.356764119197566,
    3.343876954054317,
    3.0661711319553824,
    1.8614746673194575,
    0.5566891917690445,
    3.2134525766105337,
    0.09269205547253143,
    0.37054105157471595,
    3.3458371658361847,
    1.1607362203740204,
    3.357056099281945,
    3.352135056087975,
    0.4646319665239749,
    0.23248515351073054,
    0.2789780353144151,
    2.044519349592265,
    0.2789849126027949,
    0.8841839740043062,
    1.020892734733148,
    3.3534730409504707,
    3.3491140110096316,
    3.3562067033996477,
    3.3490763700484356,
    2.5117823123769933,
    0.6053623871143237,
    1.6746860662176382,
    3.3411068432230313,
    2.234058180578482,
    3.3570584891223674,
    0.4624399155165984,
    3.348292561064097
  ]
}