{
  "model": "gaussian_process_regression",
  "feature_set": [
    "tip_deflection_slope",
    "tip_per_g_at_failure",
    "avg_strain_at_failure",
    "avg_strain_slope",
    "strain_energy_at_failure",
    "strain_energy_slope",
    "k_spring",
    "Node_at_(-1.21000003814697, 0.620000004768372, 0.100502014160156)_failure",
    "Node_at_(-1.99000000953674, 1.86000001430511, -0.33738985657692)_failure",
    "Node_at_(-1.21000003814697, 1.86000001430511, -0.373274862766266)_failure",
    "Node_at_(-0.280000001192093, 1.86000001430511, -0.226147294044495)_failure",
    "Node_at_(-1.99000000953674, 0.620000004768372, -0.00359349278733134)_failure",
    "Node_at_(-0.280000001192093, 0.620000004768372, 0.145904913544655)_failure",
    "Node_at_(-1.27934789657593, 5.09038782119751, -0.247998923063278)_failure",
    "Node_at_(-1.96254920959473, 3.0180606842041, -0.0674907341599464)_failure",
    "Node_at_(-1.22343933582306, 3.03010153770447, 0.0305737629532814)_failure",
    "Node_at_(-0.351546585559845, 3.03565835952759, 0.0758307278156281)_failure",
    "Node_at_(-1.33525657653809, 7.15067100524902, -0.526596128940582)_failure",
    "Node_at_(-0.899809300899506, 7.15486812591553, -0.492415010929108)_failure",
    "Node_at_(-1.30730223655701, 6.08374261856079, -0.686900079250336)_failure",
    "Node_at_(-0.762743651866913, 6.09234952926636, -0.616802513599396)_failure",
    "Node_at_(-1.36321091651917, 8.15624618530273, -0.865970075130463)_failure",
    "Node_at_(-1.03687500953674, 8.16042137145996, -0.831966936588287)_failure",
    "Node_at_(-0.48861226439476, 4.02499437332153, -0.395802319049835)_failure",
    "Node_at_(-0.625677943229675, 5.09551858901978, -0.206212624907494)_failure",
    "Node_at_(-1.25139367580414, 4.01124095916748, -0.507814168930054)_failure",
    "Node_at_(-1.67705488204956, 8.15699577331543, -0.859869658946991)_failure",
    "Node_at_(-1.79125261306763, 6.08572340011597, -0.670768141746521)_failure",
    "Node_at_(-1.84835147857666, 5.08138942718506, -0.321285039186478)_failure",
    "Node_at_(-1.90545034408569, 4.01458883285522, -0.480548650026321)_failure",
    "Node_at_(-1.73415374755859, 7.14465618133545, -0.575582563877106)_failure"
  ],
  "n_features": 31,
  "train_time_s": 277.64045917100157,
  "cv_r2": 0.9817294175029169,
  "metrics": {
    "adj_r2": 0.9905983655684746,
    "mae": 0.08333481922027411,
    "rmse": 0.10598491878063687,
    "max_overpredict": 0.27381274573159137,
    "mos_01": 0.2613160464950444,
    "inference_time_ms": 5.82826849858975
  },
  "y_pred_test": [
    3.2881157963771397,
    0.21444248342730288,
    2.9269749387578177,
    3.1643304291803522,
    3.308327336321402,
    3.285145244396279,
    3.320082704678221,
    0.608913206432067,
    0.3454559311059695,
    3.05034397955668,
    0.3352723260302035,
    3.4099277853572327,
    3.4466230056134934,
    2.497841988499261,
    3.305962729341709,
    3.3789414664998887,
    0.36256553946729886,
    3.3844372212809404,
    3.316734444683841,
    0.7433141421673568,
    0.6534799096868995,
    2.6794958941713936,
    3.308739097938867,
    3.222746006069813,
    2.741354864267714,
    3.1524776544499398,
    0.7326314371158664,
    0.23214419179392065,
    1.9470187965823376,
    0.6698000864927129,
    0.46099047173400387,
    3.4018445084323474,
    2.7194193154523445,
    3.2831922571705867,
    2.294909350905188,
    0.5522851798167858,
    3.4315685460131897,
    1.8946613279536548,
    3.386224564433701,
    -0.07637294545415418,
    0.3428722598598031,
    0.5053063696800077,
    3.2725375532575818,
    0.2158879487207508,
    3.313055770923534,
    0.9934815321589907,
    0.17950430295986508,
    0.33192613420528727,
    0.10624901204808146,
    3.208548569806969,
    3.333724544829388,
    0.21401140081098968,
    3.263746033640439,
    0.3320786894800003,
    1.390067183140614,
    0.34188911269365097,
    3.3865445137582015,
    1.830999482955252,
    0.1239966875137044,
    1.9378880533406861,
    3.3455801743553257,
    0.14611661843422508,
    2.241051753435166,
    3.4072637293428314,
    3.298374063992119,
    3.0865536362827726,
    1.9071009351485542,
    0.6857935107964876,
    3.0806690270361097,
    0.35306749019708317,
    0.5625388795174922,
    3.418434980011294,
    1.1968552402233084,
    3.243439215735041,
    3.196251212579062,
    0.46390285958422184,
    0.22091925018616165,
    0.25594575616877235,
    2.2036634378629545,
    0.043088728533355214,
    0.9286173540724043,
    0.8635717194660781,
    3.4171380527570436,
    3.2015577062067813,
    3.3731736880947567,
    3.3348221262567774,
    2.3616243305180022,
    0.596647062653684,
    1.539830565236012,
    3.400262557687351,
    2.304889077731365,
    3.3729103543326544,
    0.46150399070094905,
    3.374878503527307
  ],
  "y_true_test": [
    3.349368377955629,
    0.2792587077218682,
    3.073434113163204,
    3.1666674712841814,
    3.2114811173152193,
    3.202895892961604,
    3.3575675257857105,
    0.6038193878672351,
    0.37133474109041115,
    2.918020084240991,
    0.2321391353147697,
    3.354722815913323,
    3.3499194943491184,
    2.3754936950957775,
    3.3570083741703645,
    3.3405965696101565,
    0.27889577133479626,
    3.3569183642628615,
    3.3474185166745745,
    0.7454814673597899,
    0.6028225829086374,
    2.512354050659426,
    3.3396555197566244,
    3.3584648162802333,
    2.6477090298801222,
    3.1669802618838045,
    0.6036064753652698,
    0.09271219344275428,
    1.8592015386467737,
    0.5100277107405282,
    0.3719800807365657,
    3.3489312218704845,
    2.5087351337736385,
    3.3529192406037005,
    2.225412365939938,
    0.27847243408519445,
    3.3438788255910668,
    1.8549138727725696,
    3.3542152096994653,
    0.18576342463471288,
    0.278604870104471,
    0.557113552684977,
    3.3521255381237323,
    0.1851167526072678,
    3.3544867487924255,
    0.8346597018310369,
    0.13923292370924906,
    0.13930671897064095,
    0.13945489631838137,
    3.167266822051154,
    3.3412098669208663,
    0.13920856737350507,
    3.3411589172136162,
    0.3713539195991425,
    1.2482708402921447,
    0.5559762666949631,
    3.3483225758709048,
    1.764583887313156,
    0.09277620455035294,
    2.0381825194645664,
    3.3516612228443576,
    0.0928517822509852,
    2.049564865238501,
    3.356764119197566,
    3.343876954054317,
    3.0661711319553824,
    1.8614746673194575,
    0.5566891917690445,
    3.2134525766105337,
    0.09269205547253143,
    0.37054105157471595,
    3.3458371658361847,
    1.1607362203740204,
    3.357056099281945,
    3.352135056087975,
    0.4646319665239749,
    0.23248515351073054,
    0.2789780353144151,
    2.044519349592265,
    0.2789849126027949,
    0.8841839740043062,
    1.020892734733148,
    3.3534730409504707,
    3.3491140110096316,
    3.3562067033996477,
    3.3490763700484356,
    2.5117823123769933,
    0.6053623871143237,
    1.6746860662176382,
    3.3411068432230313,
    2.234058180578482,
    3.3570584891223674,
    0.4624399155165984,
    3.348292561064097
  ]
}