{
  "model": "gaussian_process_regression",
  "feature_set": [
    "boxcox_tip_deflection_slope",
    "boxcox_avg_strain_slope",
    "boxcox_strain_energy_slope",
    "boxcox_k_spring",
    "boxcox_inv_tip_deflection_slope"
  ],
  "n_features": 5,
  "train_time_s": 55.40221949900297,
  "cv_r2": 0.8415942858485096,
  "metrics": {
    "adj_r2": 0.9758554736188336,
    "mae": 0.13613086930516635,
    "rmse": 0.2023472133694123,
    "max_overpredict": 0.8290512190338071,
    "mos_01": 0.7047758514478325,
    "inference_time_ms": 1.2982060034119058
  },
  "y_pred_test": [
    3.337754267207446,
    0.12490000983975702,
    2.8312881103645053,
    3.2122974925209853,
    3.183799277590305,
    3.190103454242357,
    3.301841304104637,
    0.6746048831198534,
    0.39301974927801364,
    2.869090662854703,
    0.23588588954358025,
    3.3456563098274,
    3.3041590807120462,
    2.4817391555805672,
    3.3736787702737505,
    3.1891326293128426,
    0.28580681002075714,
    3.3749094519180165,
    3.31459046538938,
    0.673361803616815,
    0.6062204554134507,
    2.678933093589574,
    3.33147004473443,
    3.3412504208695877,
    3.0301842250977717,
    3.2633924378020467,
    0.994345961528893,
    0.32880457539615215,
    1.7726670293109619,
    1.3390789297743353,
    0.21126417477866322,
    3.4108628186933463,
    2.934392933268179,
    3.2179773013209845,
    2.066173266014923,
    0.314566956401066,
    3.3394004023538106,
    1.939066211769769,
    3.397644461754288,
    0.4881235857221533,
    0.11638852931507015,
    0.8103206468373727,
    3.2545378068007134,
    0.05047083301310762,
    3.2953176865627136,
    0.6147807764151514,
    0.018008511089765644,
    0.4909803504879602,
    -0.00012591313859111608,
    3.179227194896634,
    3.409290893768573,
    0.061386491581159275,
    2.934419339274524,
    0.32841008641946967,
    1.5115721328492808,
    0.24277489134521568,
    3.203224445643669,
    1.8049719543593348,
    0.12024245140580692,
    1.7996551851109202,
    3.311835675019234,
    0.1989993217430137,
    2.063315998435397,
    3.3126985957788317,
    3.3072965159030283,
    3.088876252303158,
    2.2579442289244978,
    0.4363728486975742,
    3.006877201055966,
    0.008920597755286641,
    0.4294536756960907,
    3.294133818183008,
    1.187097132503455,
    3.362271230630406,
    3.3382120306696965,
    0.5591890474973611,
    0.10659515948380882,
    0.13783869736191812,
    2.3754307397139476,
    0.9744067041248023,
    0.9833161602899747,
    0.44910140718672853,
    3.2474808358836817,
    3.5629949580483746,
    3.3078498595618013,
    3.2931456648520907,
    2.6713459906693853,
    0.5311728456203277,
    1.3509537501227369,
    3.147364047862627,
    2.3937903723953067,
    3.3740273912486627,
    0.4898284745438459,
    3.1751843437918463
  ],
  "y_true_test": [
    3.349368377955629,
    0.2792587077218682,
    3.073434113163204,
    3.1666674712841814,
    3.2114811173152193,
    3.202895892961604,
    3.3575675257857105,
    0.6038193878672351,
    0.37133474109041115,
    2.918020084240991,
    0.2321391353147697,
    3.354722815913323,
    3.3499194943491184,
    2.3754936950957775,
    3.3570083741703645,
    3.3405965696101565,
    0.27889577133479626,
    3.3569183642628615,
    3.3474185166745745,
    0.7454814673597899,
    0.6028225829086374,
    2.512354050659426,
    3.3396555197566244,
    3.3584648162802333,
    2.6477090298801222,
    3.1669802618838045,
    0.6036064753652698,
    0.09271219344275428,
    1.8592015386467737,
    0.5100277107405282,
    0.3719800807365657,
    3.3489312218704845,
    2.5087351337736385,
    3.3529192406037005,
    2.225412365939938,
    0.27847243408519445,
    3.3438788255910668,
    1.8549138727725696,
    3.3542152096994653,
    0.18576342463471288,
    0.278604870104471,
    0.557113552684977,
    3.3521255381237323,
    0.1851167526072678,
    3.3544867487924255,
    0.8346597018310369,
    0.13923292370924906,
    0.13930671897064095,
    0.13945489631838137,
    3.167266822051154,
    3.3412098669208663,
    0.13920856737350507,
    3.3411589172136162,
    0.3713539195991425,
    1.2482708402921447,
    0.5559762666949631,
    3.3483225758709048,
    1.764583887313156,
    0.09277620455035294,
    2.0381825194645664,
    3.3516612228443576,
    0.0928517822509852,
    2.049564865238501,
    3.356764119197566,
    3.343876954054317,
    3.0661711319553824,
    1.8614746673194575,
    0.5566891917690445,
    3.2134525766105337,
    0.09269205547253143,
    0.37054105157471595,
    3.3458371658361847,
    1.1607362203740204,
    3.357056099281945,
    3.352135056087975,
    0.4646319665239749,
    0.23248515351073054,
    0.2789780353144151,
    2.044519349592265,
    0.2789849126027949,
    0.8841839740043062,
    1.020892734733148,
    3.3534730409504707,
    3.3491140110096316,
    3.3562067033996477,
    3.3490763700484356,
    2.5117823123769933,
    0.6053623871143237,
    1.6746860662176382,
    3.3411068432230313,
    2.234058180578482,
    3.3570584891223674,
    0.4624399155165984,
    3.348292561064097
  ]
}