{
  "model": "linear_regression",
  "feature_set": [
    "boxcox_avg_strain_at_failure",
    "boxcox_avg_strain_slope",
    "boxcox_strain_energy_at_failure",
    "boxcox_strain_energy_slope",
    "boxcox_k_spring",
    "boxcox_max_vm_stress_at_failure"
  ],
  "n_features": 6,
  "train_time_s": 0.015338889003032818,
  "cv_r2": 0.9574762743569268,
  "metrics": {
    "adj_r2": 0.9694576582104706,
    "mae": 0.18131246925687725,
    "rmse": 0.22628581951528526,
    "max_overpredict": 0.6497564619431364,
    "mos_01": 0.6438185866313361,
    "inference_time_ms": 0.08904650167096406
  },
  "y_pred_test": [
    3.4997084547161257,
    0.31914548505367724,
    2.6938460151318067,
    3.1851595028678696,
    3.223435287444587,
    3.1386784443244764,
    3.011458861589905,
    0.6728449067028623,
    0.46992610464184814,
    2.797943637402829,
    0.4044873687262964,
    3.2721226256440135,
    3.225043789843678,
    2.2619589583042874,
    2.963577847832914,
    3.1897545651129855,
    0.5223219442678257,
    3.38869611888417,
    3.3083479185852274,
    0.8891612645231841,
    0.7433440021100415,
    2.646877505259478,
    3.568265990046127,
    3.6288460989383315,
    2.872341350947164,
    3.4094562281258867,
    0.8439160121827527,
    0.32740246892934266,
    1.8263159166013088,
    0.7247551595280979,
    0.48096033386696235,
    3.1728099017473412,
    2.6214634114614244,
    3.0453713826525433,
    2.4151840321112372,
    0.9282288960283309,
    3.315038820821183,
    1.967618518257384,
    3.513967392854921,
    -0.4944370817020123,
    0.5009148069357097,
    0.5649451842135864,
    3.6588079285866995,
    0.3069977127454726,
    3.1874751371347356,
    1.0811215699200019,
    0.3031082309715327,
    0.41844112170616765,
    0.16990210975691533,
    3.2485294059847023,
    3.242643838058637,
    0.3122380154233584,
    2.8459391994371583,
    0.4215305049410787,
    1.459098747446766,
    0.4231526814536264,
    3.185234627015978,
    1.9276495344324804,
    0.3230488508675313,
    1.9842800589573384,
    3.3257408754151143,
    0.03975748675569757,
    2.292420055626596,
    3.286372918297551,
    3.5903994841036884,
    2.87770139377182,
    1.9772790992965994,
    0.7814631478663079,
    2.7714048827574134,
    0.7360637052524417,
    0.8678289794649632,
    3.13464627752205,
    1.3571932937896323,
    3.597250077254932,
    3.476383760059478,
    0.5686380429721172,
    0.30523274286392965,
    0.34696220582698456,
    2.1947502988638865,
    0.10694113996065702,
    0.9730911513685521,
    1.1278321108517895,
    3.285353607893642,
    3.003438958345841,
    3.1750660254931478,
    3.5327831535664234,
    2.375638944851745,
    0.7680443199141893,
    2.020005034235997,
    3.1794160005101935,
    2.4841283844997983,
    3.5201493108136193,
    0.5060713395961844,
    3.3135758460053832
  ],
  "y_true_test": [
    3.349368377955629,
    0.2792587077218682,
    3.073434113163204,
    3.1666674712841814,
    3.2114811173152193,
    3.202895892961604,
    3.3575675257857105,
    0.6038193878672351,
    0.37133474109041115,
    2.918020084240991,
    0.2321391353147697,
    3.354722815913323,
    3.3499194943491184,
    2.3754936950957775,
    3.3570083741703645,
    3.3405965696101565,
    0.27889577133479626,
    3.3569183642628615,
    3.3474185166745745,
    0.7454814673597899,
    0.6028225829086374,
    2.512354050659426,
    3.3396555197566244,
    3.3584648162802333,
    2.6477090298801222,
    3.1669802618838045,
    0.6036064753652698,
    0.09271219344275428,
    1.8592015386467737,
    0.5100277107405282,
    0.3719800807365657,
    3.3489312218704845,
    2.5087351337736385,
    3.3529192406037005,
    2.225412365939938,
    0.27847243408519445,
    3.3438788255910668,
    1.8549138727725696,
    3.3542152096994653,
    0.18576342463471288,
    0.278604870104471,
    0.557113552684977,
    3.3521255381237323,
    0.1851167526072678,
    3.3544867487924255,
    0.8346597018310369,
    0.13923292370924906,
    0.13930671897064095,
    0.13945489631838137,
    3.167266822051154,
    3.3412098669208663,
    0.13920856737350507,
    3.3411589172136162,
    0.3713539195991425,
    1.2482708402921447,
    0.5559762666949631,
    3.3483225758709048,
    1.764583887313156,
    0.09277620455035294,
    2.0381825194645664,
    3.3516612228443576,
    0.0928517822509852,
    2.049564865238501,
    3.356764119197566,
    3.343876954054317,
    3.0661711319553824,
    1.8614746673194575,
    0.5566891917690445,
    3.2134525766105337,
    0.09269205547253143,
    0.37054105157471595,
    3.3458371658361847,
    1.1607362203740204,
    3.357056099281945,
    3.352135056087975,
    0.4646319665239749,
    0.23248515351073054,
    0.2789780353144151,
    2.044519349592265,
    0.2789849126027949,
    0.8841839740043062,
    1.020892734733148,
    3.3534730409504707,
    3.3491140110096316,
    3.3562067033996477,
    3.3490763700484356,
    2.5117823123769933,
    0.6053623871143237,
    1.6746860662176382,
    3.3411068432230313,
    2.234058180578482,
    3.3570584891223674,
    0.4624399155165984,
    3.348292561064097
  ],
  "coefficients": {
    "boxcox_avg_strain_at_failure": -0.259927072521011,
    "boxcox_avg_strain_slope": 0.009746923582363287,
    "boxcox_strain_energy_at_failure": 2.5134997802461228,
    "boxcox_strain_energy_slope": -1.1420479872219855,
    "boxcox_k_spring": 0.05746618656368524,
    "boxcox_max_vm_stress_at_failure": 0.050226244882945525
  }
}