{
  "model": "linear_regression",
  "feature_set": [
    "boxcox_strain_energy_slope",
    "ranked_strain_p23",
    "ranked_strain_p24",
    "gompertz_c",
    "gompertz_log_b",
    "boxcox_k_spring"
  ],
  "n_features": 6,
  "train_time_s": 0.014846402002149262,
  "cv_r2": 0.8607032428543502,
  "metrics": {
    "adj_r2": 0.9165800000167826,
    "mae": 0.31155616007965997,
    "rmse": 0.37397387592103054,
    "max_overpredict": 0.9075937226030335,
    "mos_01": 0.7649280432589651,
    "inference_time_ms": 0.08229600280174054
  },
  "y_pred_test": [
    3.422137163655286,
    0.5720199077850152,
    2.5375813281425748,
    2.8749265507028747,
    3.1715658689830732,
    2.9415234742097933,
    2.861989649288303,
    1.1896132413282414,
    0.8165318791194307,
    2.7379418413737966,
    0.26073336525645496,
    3.1681779387754263,
    3.114437061359079,
    2.2835901562142897,
    2.923052974484184,
    2.9945363931854536,
    0.62169379167667,
    3.194548223060381,
    3.216663241338535,
    1.209897947799936,
    0.9637140894828178,
    2.755312704038597,
    3.4501183155618214,
    3.576517583545441,
    2.782573842129783,
    3.1306114006985264,
    1.30337500570635,
    0.33327623924566074,
    2.117029928886816,
    1.2642174770596184,
    0.6857833265788233,
    2.974556215376099,
    2.748147087404529,
    2.8306830493584414,
    2.264218166227778,
    0.8991143388218092,
    3.001076739647459,
    2.1703510964289707,
    3.5130697139306983,
    -0.47538094368955663,
    0.18379526141336022,
    0.7485051382101773,
    3.8197577304047545,
    0.5395254081448959,
    3.1072200825199046,
    1.4406109345956999,
    0.4201150418071584,
    0.289968949184533,
    0.05538867051174212,
    3.0468242547953936,
    3.108593205243964,
    0.3405741038615697,
    2.4012784195825776,
    0.9943539871542757,
    2.1558645628951782,
    0.8757849065500416,
    3.115800708885745,
    2.0892413606666618,
    0.10961180484882349,
    1.920650208587236,
    3.262781527765647,
    -0.02158273682652112,
    2.452600160379468,
    3.2364166781320813,
    3.3959229628539376,
    2.8750488770956433,
    2.26272359286635,
    1.13893023418007,
    2.641766265419639,
    -0.147417830350153,
    1.1238615291156,
    2.900324072716205,
    1.7064950686562854,
    3.557039390567007,
    3.5673592088040147,
    0.7273732375278414,
    0.3893487411013259,
    0.2697290831827619,
    2.2478247171374934,
    0.5800860111538968,
    1.1665974427688668,
    1.5806778558187902,
    3.110525003746144,
    2.715972778909182,
    3.083045937833579,
    3.343033846423223,
    2.148212573025279,
    1.0511260898381272,
    2.269422126890916,
    3.008320895286113,
    2.652016123343499,
    3.4675895451210845,
    0.7872940462628462,
    3.2886416758887065
  ],
  "y_true_test": [
    3.349368377955629,
    0.2792587077218682,
    3.073434113163204,
    3.1666674712841814,
    3.2114811173152193,
    3.202895892961604,
    3.3575675257857105,
    0.6038193878672351,
    0.37133474109041115,
    2.918020084240991,
    0.2321391353147697,
    3.354722815913323,
    3.3499194943491184,
    2.3754936950957775,
    3.3570083741703645,
    3.3405965696101565,
    0.27889577133479626,
    3.3569183642628615,
    3.3474185166745745,
    0.7454814673597899,
    0.6028225829086374,
    2.512354050659426,
    3.3396555197566244,
    3.3584648162802333,
    2.6477090298801222,
    3.1669802618838045,
    0.6036064753652698,
    0.09271219344275428,
    1.8592015386467737,
    0.5100277107405282,
    0.3719800807365657,
    3.3489312218704845,
    2.5087351337736385,
    3.3529192406037005,
    2.225412365939938,
    0.27847243408519445,
    3.3438788255910668,
    1.8549138727725696,
    3.3542152096994653,
    0.18576342463471288,
    0.278604870104471,
    0.557113552684977,
    3.3521255381237323,
    0.1851167526072678,
    3.3544867487924255,
    0.8346597018310369,
    0.13923292370924906,
    0.13930671897064095,
    0.13945489631838137,
    3.167266822051154,
    3.3412098669208663,
    0.13920856737350507,
    3.3411589172136162,
    0.3713539195991425,
    1.2482708402921447,
    0.5559762666949631,
    3.3483225758709048,
    1.764583887313156,
    0.09277620455035294,
    2.0381825194645664,
    3.3516612228443576,
    0.0928517822509852,
    2.049564865238501,
    3.356764119197566,
    3.343876954054317,
    3.0661711319553824,
    1.8614746673194575,
    0.5566891917690445,
    3.2134525766105337,
    0.09269205547253143,
    0.37054105157471595,
    3.3458371658361847,
    1.1607362203740204,
    3.357056099281945,
    3.352135056087975,
    0.4646319665239749,
    0.23248515351073054,
    0.2789780353144151,
    2.044519349592265,
    0.2789849126027949,
    0.8841839740043062,
    1.020892734733148,
    3.3534730409504707,
    3.3491140110096316,
    3.3562067033996477,
    3.3490763700484356,
    2.5117823123769933,
    0.6053623871143237,
    1.6746860662176382,
    3.3411068432230313,
    2.234058180578482,
    3.3570584891223674,
    0.4624399155165984,
    3.348292561064097
  ],
  "coefficients": {
    "boxcox_strain_energy_slope": 1.2348978052611046,
    "ranked_strain_p23": -0.4028239323822054,
    "ranked_strain_p24": -0.3338367429471588,
    "gompertz_c": -0.4910343338423832,
    "gompertz_log_b": 0.2835376448426066,
    "boxcox_k_spring": 0.16813237761365873
  }
}