{
  "model": "linear_regression",
  "feature_set": [
    "tip_deflection_slope",
    "tip_per_g_at_failure",
    "avg_strain_at_failure",
    "avg_strain_slope",
    "strain_energy_at_failure",
    "strain_energy_slope",
    "k_spring"
  ],
  "n_features": 7,
  "train_time_s": 0.20550257799914107,
  "cv_r2": 0.9286792513930463,
  "metrics": {
    "adj_r2": 0.9525926104644555,
    "mae": 0.22181480449319746,
    "rmse": 0.28029722162511417,
    "max_overpredict": 0.6683231515357955,
    "mos_01": 0.6277370763353505,
    "inference_time_ms": 1.222242004587315
  },
  "y_pred_test": [
    3.538823189379444,
    0.26509344428438797,
    2.582279335046296,
    3.044162571533848,
    3.2285048630188786,
    3.085497569045524,
    3.283047716892664,
    0.7309160078292842,
    0.49866979104683207,
    2.9242978327492715,
    0.44027466391279546,
    3.4074989399409414,
    3.199383907091383,
    2.2703110323169677,
    2.9969779069730054,
    3.240111818266009,
    0.4743809275774462,
    3.4207957222109724,
    3.248435814848018,
    0.9556944578860636,
    0.7554120687394301,
    2.8810414784286187,
    3.547958780288191,
    3.79991523197258,
    2.974034921159824,
    3.469765038949442,
    0.8096249258924235,
    0.4037357172293645,
    2.140595299732369,
    0.7910500307909358,
    0.4974621530208887,
    2.9930092401558914,
    2.6364616697277503,
    3.0364435662435754,
    2.8937355174757333,
    0.7110967009861655,
    3.1962188567774668,
    2.192730964615289,
    3.322827485400228,
    -0.15740450111103188,
    0.4079386375776377,
    0.6388005339863208,
    3.9768077485837807,
    0.2639144487449998,
    3.376472015221841,
    1.0558120540461733,
    0.2366350514792135,
    0.48506401930762344,
    0.10978688845459339,
    3.1735368703783435,
    2.9805628303268246,
    0.322110673200962,
    2.77206594070638,
    0.46683320081667645,
    1.5113759963335316,
    0.4689855207321778,
    3.1825146504399022,
    2.120480451227944,
    0.21853499180737623,
    2.0987024865522175,
    3.2749808887265517,
    0.19217114356741138,
    2.5938163185824674,
    3.555356897876143,
    3.403654029316027,
    3.0092845893432356,
    2.0403321483076136,
    0.766524748707484,
    2.767366939137753,
    0.48933343855466527,
    0.6839933888584873,
    3.138842480501208,
    1.4473928401585774,
    3.5980789314409174,
    3.72464347532029,
    0.5915405069891824,
    0.27651829433044406,
    0.3281987901553465,
    2.3193967744089456,
    0.06825848666427214,
    1.0876833778185193,
    1.3623899807536564,
    3.330103640419804,
    2.4299960822000575,
    3.348130189869954,
    3.7979476470619398,
    2.13695478776381,
    0.7772844433630022,
    2.2359684084889904,
    3.2892229902864702,
    2.693919651765633,
    3.615252861575433,
    0.5914002550845763,
    3.3441498408287123
  ],
  "y_true_test": [
    3.349368377955629,
    0.2792587077218682,
    3.073434113163204,
    3.1666674712841814,
    3.2114811173152193,
    3.202895892961604,
    3.3575675257857105,
    0.6038193878672351,
    0.37133474109041115,
    2.918020084240991,
    0.2321391353147697,
    3.354722815913323,
    3.3499194943491184,
    2.3754936950957775,
    3.3570083741703645,
    3.3405965696101565,
    0.27889577133479626,
    3.3569183642628615,
    3.3474185166745745,
    0.7454814673597899,
    0.6028225829086374,
    2.512354050659426,
    3.3396555197566244,
    3.3584648162802333,
    2.6477090298801222,
    3.1669802618838045,
    0.6036064753652698,
    0.09271219344275428,
    1.8592015386467737,
    0.5100277107405282,
    0.3719800807365657,
    3.3489312218704845,
    2.5087351337736385,
    3.3529192406037005,
    2.225412365939938,
    0.27847243408519445,
    3.3438788255910668,
    1.8549138727725696,
    3.3542152096994653,
    0.18576342463471288,
    0.278604870104471,
    0.557113552684977,
    3.3521255381237323,
    0.1851167526072678,
    3.3544867487924255,
    0.8346597018310369,
    0.13923292370924906,
    0.13930671897064095,
    0.13945489631838137,
    3.167266822051154,
    3.3412098669208663,
    0.13920856737350507,
    3.3411589172136162,
    0.3713539195991425,
    1.2482708402921447,
    0.5559762666949631,
    3.3483225758709048,
    1.764583887313156,
    0.09277620455035294,
    2.0381825194645664,
    3.3516612228443576,
    0.0928517822509852,
    2.049564865238501,
    3.356764119197566,
    3.343876954054317,
    3.0661711319553824,
    1.8614746673194575,
    0.5566891917690445,
    3.2134525766105337,
    0.09269205547253143,
    0.37054105157471595,
    3.3458371658361847,
    1.1607362203740204,
    3.357056099281945,
    3.352135056087975,
    0.4646319665239749,
    0.23248515351073054,
    0.2789780353144151,
    2.044519349592265,
    0.2789849126027949,
    0.8841839740043062,
    1.020892734733148,
    3.3534730409504707,
    3.3491140110096316,
    3.3562067033996477,
    3.3490763700484356,
    2.5117823123769933,
    0.6053623871143237,
    1.6746860662176382,
    3.3411068432230313,
    2.234058180578482,
    3.3570584891223674,
    0.4624399155165984,
    3.348292561064097
  ]
}