{
  "model": "pinn",
  "feature_set": [
    "tip_deflection_slope",
    "tip_per_g_at_failure",
    "avg_strain_at_failure",
    "avg_strain_slope",
    "strain_energy_at_failure",
    "strain_energy_slope",
    "k_spring",
    "Node_at_(-1.21000003814697, 0.620000004768372, 0.100502014160156)_failure",
    "Node_at_(-1.99000000953674, 1.86000001430511, -0.33738985657692)_failure",
    "Node_at_(-1.21000003814697, 1.86000001430511, -0.373274862766266)_failure",
    "Node_at_(-0.280000001192093, 1.86000001430511, -0.226147294044495)_failure",
    "Node_at_(-1.99000000953674, 0.620000004768372, -0.00359349278733134)_failure",
    "Node_at_(-0.280000001192093, 0.620000004768372, 0.145904913544655)_failure",
    "Node_at_(-1.27934789657593, 5.09038782119751, -0.247998923063278)_failure",
    "Node_at_(-1.96254920959473, 3.0180606842041, -0.0674907341599464)_failure",
    "Node_at_(-1.22343933582306, 3.03010153770447, 0.0305737629532814)_failure",
    "Node_at_(-0.351546585559845, 3.03565835952759, 0.0758307278156281)_failure",
    "Node_at_(-1.33525657653809, 7.15067100524902, -0.526596128940582)_failure",
    "Node_at_(-0.899809300899506, 7.15486812591553, -0.492415010929108)_failure",
    "Node_at_(-1.30730223655701, 6.08374261856079, -0.686900079250336)_failure",
    "Node_at_(-0.762743651866913, 6.09234952926636, -0.616802513599396)_failure",
    "Node_at_(-1.36321091651917, 8.15624618530273, -0.865970075130463)_failure",
    "Node_at_(-1.03687500953674, 8.16042137145996, -0.831966936588287)_failure",
    "Node_at_(-0.48861226439476, 4.02499437332153, -0.395802319049835)_failure",
    "Node_at_(-0.625677943229675, 5.09551858901978, -0.206212624907494)_failure",
    "Node_at_(-1.25139367580414, 4.01124095916748, -0.507814168930054)_failure",
    "Node_at_(-1.67705488204956, 8.15699577331543, -0.859869658946991)_failure",
    "Node_at_(-1.79125261306763, 6.08572340011597, -0.670768141746521)_failure",
    "Node_at_(-1.84835147857666, 5.08138942718506, -0.321285039186478)_failure",
    "Node_at_(-1.90545034408569, 4.01458883285522, -0.480548650026321)_failure",
    "Node_at_(-1.73415374755859, 7.14465618133545, -0.575582563877106)_failure"
  ],
  "n_features": 31,
  "train_time_s": 23.481712579727173,
  "metrics": {
    "adj_r2": 0.9874595413412385,
    "mae": 0.09457635492865488,
    "rmse": 0.12240498403692539,
    "max_overpredict": 0.34637965851224717,
    "mos_01": 0.3299970507679032,
    "inference_time_ms": 2.622916996187996
  },
  "y_pred_test": [
    3.4654502868652344,
    0.2242950201034546,
    2.96945858001709,
    3.0911076068878174,
    3.286287546157837,
    3.144280433654785,
    3.31203556060791,
    0.5535306930541992,
    0.3965400457382202,
    2.996628761291504,
    0.20138177275657654,
    3.055480718612671,
    3.3461904525756836,
    2.257176399230957,
    3.1705708503723145,
    3.1351633071899414,
    0.21392160654067993,
    3.465662956237793,
    3.488492488861084,
    0.7990009188652039,
    0.6973268389701843,
    2.6939778327941895,
    3.511474132537842,
    3.7048444747924805,
    2.5263936519622803,
    3.271211624145508,
    0.6004680395126343,
    0.1484425961971283,
    1.686664342880249,
    0.6296995282173157,
    0.29725882411003113,
    3.2344751358032227,
    2.659837245941162,
    3.0361461639404297,
    2.0680882930755615,
    0.607236385345459,
    3.341169834136963,
    1.8241298198699951,
    3.4192423820495605,
    0.20116429030895233,
    0.20450641214847565,
    0.601055383682251,
    3.3805994987487793,
    0.1670074760913849,
    3.2546279430389404,
    0.9288144707679749,
    0.1607992947101593,
    0.22271645069122314,
    0.1577731966972351,
    3.200620651245117,
    3.4698266983032227,
    0.2046438753604889,
    3.1059937477111816,
    0.3324671983718872,
    1.3683955669403076,
    0.4829714596271515,
    3.18558406829834,
    1.7920572757720947,
    0.17487235367298126,
    2.114422082901001,
    3.3834826946258545,
    0.14259767532348633,
    1.9332780838012695,
    3.4873194694519043,
    3.5060060024261475,
    2.9783554077148438,
    1.982544183731079,
    0.6240208148956299,
    3.083134889602661,
    0.21001456677913666,
    0.42937013506889343,
    3.43056321144104,
    1.2793147563934326,
    3.1837384700775146,
    3.0568971633911133,
    0.46831876039505005,
    0.2303890883922577,
    0.27156323194503784,
    2.1174705028533936,
    0.328017920255661,
    0.9228625297546387,
    1.0048543214797974,
    3.0544345378875732,
    3.2457005977630615,
    3.2924818992614746,
    3.319517135620117,
    2.443965196609497,
    0.6588783264160156,
    1.6510732173919678,
    3.320903778076172,
    2.238400459289551,
    3.535472869873047,
    0.43934381008148193,
    3.387803316116333
  ],
  "y_true_test": [
    3.349368377955629,
    0.2792587077218682,
    3.073434113163204,
    3.1666674712841814,
    3.2114811173152193,
    3.202895892961604,
    3.3575675257857105,
    0.6038193878672351,
    0.37133474109041115,
    2.918020084240991,
    0.2321391353147697,
    3.354722815913323,
    3.3499194943491184,
    2.3754936950957775,
    3.3570083741703645,
    3.3405965696101565,
    0.27889577133479626,
    3.3569183642628615,
    3.3474185166745745,
    0.7454814673597899,
    0.6028225829086374,
    2.512354050659426,
    3.3396555197566244,
    3.3584648162802333,
    2.6477090298801222,
    3.1669802618838045,
    0.6036064753652698,
    0.09271219344275428,
    1.8592015386467737,
    0.5100277107405282,
    0.3719800807365657,
    3.3489312218704845,
    2.5087351337736385,
    3.3529192406037005,
    2.225412365939938,
    0.27847243408519445,
    3.3438788255910668,
    1.8549138727725696,
    3.3542152096994653,
    0.18576342463471288,
    0.278604870104471,
    0.557113552684977,
    3.3521255381237323,
    0.1851167526072678,
    3.3544867487924255,
    0.8346597018310369,
    0.13923292370924906,
    0.13930671897064095,
    0.13945489631838137,
    3.167266822051154,
    3.3412098669208663,
    0.13920856737350507,
    3.3411589172136162,
    0.3713539195991425,
    1.2482708402921447,
    0.5559762666949631,
    3.3483225758709048,
    1.764583887313156,
    0.09277620455035294,
    2.0381825194645664,
    3.3516612228443576,
    0.0928517822509852,
    2.049564865238501,
    3.356764119197566,
    3.343876954054317,
    3.0661711319553824,
    1.8614746673194575,
    0.5566891917690445,
    3.2134525766105337,
    0.09269205547253143,
    0.37054105157471595,
    3.3458371658361847,
    1.1607362203740204,
    3.357056099281945,
    3.352135056087975,
    0.4646319665239749,
    0.23248515351073054,
    0.2789780353144151,
    2.044519349592265,
    0.2789849126027949,
    0.8841839740043062,
    1.020892734733148,
    3.3534730409504707,
    3.3491140110096316,
    3.3562067033996477,
    3.3490763700484356,
    2.5117823123769933,
    0.6053623871143237,
    1.6746860662176382,
    3.3411068432230313,
    2.234058180578482,
    3.3570584891223674,
    0.4624399155165984,
    3.348292561064097
  ]
}