{
  "model": "pinn",
  "feature_set": [
    "tip_deflection_slope",
    "avg_strain_slope",
    "strain_energy_slope",
    "k_spring",
    "inv_tip_deflection_slope",
    "ranked_strain_p04",
    "ranked_strain_p23",
    "ranked_strain_p24",
    "gompertz_log_b",
    "gompertz_c"
  ],
  "n_features": 10,
  "train_time_s": 5.530954599380493,
  "metrics": {
    "adj_r2": 0.9836047202366685,
    "mae": 0.10150146223844077,
    "rmse": 0.16193659695931245,
    "max_overpredict": 0.8736961974684554,
    "mos_01": 0.5276401482006802,
    "inference_time_ms": 0.5028045015933458
  },
  "y_pred_test": [
    3.356955051422119,
    0.23776918649673462,
    3.1943020820617676,
    3.203087568283081,
    3.301187515258789,
    3.1970267295837402,
    3.3231401443481445,
    0.5997402667999268,
    0.41816458106040955,
    2.950205087661743,
    0.37474676966667175,
    3.297964572906494,
    3.2889699935913086,
    2.4376204013824463,
    3.3588361740112305,
    3.3481345176696777,
    0.31968462467193604,
    3.295238494873047,
    3.397217035293579,
    0.748379111289978,
    0.6788700819015503,
    2.5936689376831055,
    3.3535821437835693,
    3.3787384033203125,
    2.862797737121582,
    3.2310190200805664,
    0.374679833650589,
    0.5908923149108887,
    1.962962031364441,
    0.5994343757629395,
    0.274671733379364,
    3.447392463684082,
    2.8620829582214355,
    3.3732664585113525,
    2.118256092071533,
    1.15216863155365,
    3.4296467304229736,
    2.000873565673828,
    3.56512188911438,
    0.19021180272102356,
    0.32417166233062744,
    0.588675320148468,
    3.4763102531433105,
    0.24892672896385193,
    3.3249781131744385,
    0.9505435824394226,
    0.22878843545913696,
    0.45778563618659973,
    0.21151623129844666,
    3.2172796726226807,
    3.5241756439208984,
    0.3026559054851532,
    3.2438747882843018,
    0.30516594648361206,
    1.3655083179473877,
    0.4003557860851288,
    3.3176376819610596,
    1.8204535245895386,
    0.26323777437210083,
    1.7684866189956665,
    3.4179930686950684,
    0.13713783025741577,
    2.1211769580841064,
    3.3226706981658936,
    3.1364173889160156,
    2.9776289463043213,
    2.198134422302246,
    0.6560410261154175,
    3.156606912612915,
    0.40906354784965515,
    0.8721339702606201,
    3.3559012413024902,
    1.2297309637069702,
    3.4344406127929688,
    3.3340985774993896,
    0.6530032753944397,
    0.25187933444976807,
    0.332770973443985,
    2.0511624813079834,
    0.29186442494392395,
    0.7663594484329224,
    0.985379159450531,
    3.320655107498169,
    3.306807518005371,
    3.296165943145752,
    3.282144546508789,
    2.62796688079834,
    0.5614207983016968,
    1.6882771253585815,
    3.3513267040252686,
    2.310152530670166,
    3.3508973121643066,
    0.366588294506073,
    3.3483657836914062
  ],
  "y_true_test": [
    3.349368377955629,
    0.2792587077218682,
    3.073434113163204,
    3.1666674712841814,
    3.2114811173152193,
    3.202895892961604,
    3.3575675257857105,
    0.6038193878672351,
    0.37133474109041115,
    2.918020084240991,
    0.2321391353147697,
    3.354722815913323,
    3.3499194943491184,
    2.3754936950957775,
    3.3570083741703645,
    3.3405965696101565,
    0.27889577133479626,
    3.3569183642628615,
    3.3474185166745745,
    0.7454814673597899,
    0.6028225829086374,
    2.512354050659426,
    3.3396555197566244,
    3.3584648162802333,
    2.6477090298801222,
    3.1669802618838045,
    0.6036064753652698,
    0.09271219344275428,
    1.8592015386467737,
    0.5100277107405282,
    0.3719800807365657,
    3.3489312218704845,
    2.5087351337736385,
    3.3529192406037005,
    2.225412365939938,
    0.27847243408519445,
    3.3438788255910668,
    1.8549138727725696,
    3.3542152096994653,
    0.18576342463471288,
    0.278604870104471,
    0.557113552684977,
    3.3521255381237323,
    0.1851167526072678,
    3.3544867487924255,
    0.8346597018310369,
    0.13923292370924906,
    0.13930671897064095,
    0.13945489631838137,
    3.167266822051154,
    3.3412098669208663,
    0.13920856737350507,
    3.3411589172136162,
    0.3713539195991425,
    1.2482708402921447,
    0.5559762666949631,
    3.3483225758709048,
    1.764583887313156,
    0.09277620455035294,
    2.0381825194645664,
    3.3516612228443576,
    0.0928517822509852,
    2.049564865238501,
    3.356764119197566,
    3.343876954054317,
    3.0661711319553824,
    1.8614746673194575,
    0.5566891917690445,
    3.2134525766105337,
    0.09269205547253143,
    0.37054105157471595,
    3.3458371658361847,
    1.1607362203740204,
    3.357056099281945,
    3.352135056087975,
    0.4646319665239749,
    0.23248515351073054,
    0.2789780353144151,
    2.044519349592265,
    0.2789849126027949,
    0.8841839740043062,
    1.020892734733148,
    3.3534730409504707,
    3.3491140110096316,
    3.3562067033996477,
    3.3490763700484356,
    2.5117823123769933,
    0.6053623871143237,
    1.6746860662176382,
    3.3411068432230313,
    2.234058180578482,
    3.3570584891223674,
    0.4624399155165984,
    3.348292561064097
  ]
}