{
  "model": "polynomial_regression",
  "feature_set": [
    "boxcox_tip_deflection_slope",
    "boxcox_avg_strain_slope",
    "boxcox_strain_energy_slope",
    "boxcox_k_spring",
    "boxcox_inv_tip_deflection_slope"
  ],
  "n_features": 5,
  "train_time_s": 0.023223589996632654,
  "cv_r2": 0.8252543227449699,
  "metrics": {
    "adj_r2": 0.9634203460085452,
    "mae": 0.18897577493782033,
    "rmse": 0.2490621192140392,
    "max_overpredict": 0.6544515277553102,
    "mos_01": 0.5975609489039253,
    "inference_time_ms": 0.17668700093054213
  },
  "y_pred_test": [
    3.3380776938168752,
    0.37843924017668673,
    2.507863529733407,
    3.1936932745323805,
    3.2058140342079873,
    3.1635046230509145,
    3.2136494765746897,
    0.708501464761099,
    0.6159624932466701,
    2.7282453867056176,
    0.439525920925524,
    3.4454685279746204,
    3.4071173141765563,
    2.266631659215426,
    3.3340330196640786,
    3.1258468195656057,
    0.4849429663839957,
    3.519918311346842,
    3.342666511089817,
    0.9389196604582644,
    0.7077865517549868,
    2.632499991364474,
    3.2930501612197585,
    3.0769482229187064,
    2.595655737042319,
    3.1089099325167124,
    0.7079391653460292,
    -0.038381770719754904,
    1.7609762076593012,
    0.8307897872114509,
    0.5433422570418509,
    3.288488511653931,
    2.8596842472996453,
    3.1009405015383917,
    1.9660060656741027,
    -0.03559555804863379,
    3.3892682723907126,
    2.140635239522861,
    3.6629476168974686,
    0.8402149523900231,
    0.32730307800480496,
    0.2760583751855432,
    2.7555264652212887,
    0.2482007320259645,
    3.3125125826771873,
    1.0465255600952763,
    0.2290081313022072,
    0.17550852497224767,
    0.16988381748978876,
    3.201706728044531,
    3.423053917987173,
    0.3202826283884659,
    2.626289934170761,
    0.6502448667020275,
    1.8415497026158587,
    0.5099312227900976,
    3.128549403713525,
    2.1791178026413696,
    0.09556824981410328,
    1.7443958018819417,
    3.354554460577223,
    0.21343824024303304,
    1.9881256517494281,
    3.292621689206599,
    3.3685676076251814,
    2.956134316193631,
    2.284729169421284,
    0.8013240266006714,
    2.646927829765051,
    -0.17561093517702187,
    0.16632220206625759,
    3.300274770289202,
    1.4614080606904638,
    3.3995573792540092,
    3.163298223263914,
    0.6743699550900135,
    0.36219467651937354,
    0.38050615350635586,
    2.354951020879599,
    -0.24688353731411317,
    1.3207979036679987,
    0.749381413650658,
    3.2713430636399865,
    3.0473793182153877,
    3.3337293103925765,
    3.0258197348316562,
    2.3312924978923926,
    0.6688652199789007,
    1.9459581119181695,
    3.1521952390544294,
    2.330147878924746,
    3.3624913760028683,
    0.8934095526367289,
    3.1860997754066918
  ],
  "y_true_test": [
    3.349368377955629,
    0.2792587077218682,
    3.073434113163204,
    3.1666674712841814,
    3.2114811173152193,
    3.202895892961604,
    3.3575675257857105,
    0.6038193878672351,
    0.37133474109041115,
    2.918020084240991,
    0.2321391353147697,
    3.354722815913323,
    3.3499194943491184,
    2.3754936950957775,
    3.3570083741703645,
    3.3405965696101565,
    0.27889577133479626,
    3.3569183642628615,
    3.3474185166745745,
    0.7454814673597899,
    0.6028225829086374,
    2.512354050659426,
    3.3396555197566244,
    3.3584648162802333,
    2.6477090298801222,
    3.1669802618838045,
    0.6036064753652698,
    0.09271219344275428,
    1.8592015386467737,
    0.5100277107405282,
    0.3719800807365657,
    3.3489312218704845,
    2.5087351337736385,
    3.3529192406037005,
    2.225412365939938,
    0.27847243408519445,
    3.3438788255910668,
    1.8549138727725696,
    3.3542152096994653,
    0.18576342463471288,
    0.278604870104471,
    0.557113552684977,
    3.3521255381237323,
    0.1851167526072678,
    3.3544867487924255,
    0.8346597018310369,
    0.13923292370924906,
    0.13930671897064095,
    0.13945489631838137,
    3.167266822051154,
    3.3412098669208663,
    0.13920856737350507,
    3.3411589172136162,
    0.3713539195991425,
    1.2482708402921447,
    0.5559762666949631,
    3.3483225758709048,
    1.764583887313156,
    0.09277620455035294,
    2.0381825194645664,
    3.3516612228443576,
    0.0928517822509852,
    2.049564865238501,
    3.356764119197566,
    3.343876954054317,
    3.0661711319553824,
    1.8614746673194575,
    0.5566891917690445,
    3.2134525766105337,
    0.09269205547253143,
    0.37054105157471595,
    3.3458371658361847,
    1.1607362203740204,
    3.357056099281945,
    3.352135056087975,
    0.4646319665239749,
    0.23248515351073054,
    0.2789780353144151,
    2.044519349592265,
    0.2789849126027949,
    0.8841839740043062,
    1.020892734733148,
    3.3534730409504707,
    3.3491140110096316,
    3.3562067033996477,
    3.3490763700484356,
    2.5117823123769933,
    0.6053623871143237,
    1.6746860662176382,
    3.3411068432230313,
    2.234058180578482,
    3.3570584891223674,
    0.4624399155165984,
    3.348292561064097
  ],
  "coefficients": {
    "boxcox_tip_deflection_slope": -0.20453636296125816,
    "boxcox_avg_strain_slope": -1.7769337870349822,
    "boxcox_strain_energy_slope": 1.2744726931766028,
    "boxcox_k_spring": -0.04480184949665483,
    "boxcox_inv_tip_deflection_slope": -0.04480184949662238
  }
}