{
  "model": "polynomial_regression",
  "feature_set": [
    "tip_deflection_slope",
    "tip_per_g_at_failure",
    "avg_strain_at_failure",
    "avg_strain_slope",
    "strain_energy_at_failure",
    "strain_energy_slope",
    "k_spring"
  ],
  "n_features": 7,
  "train_time_s": 0.28170568401401397,
  "cv_r2": 0.9420128492816211,
  "metrics": {
    "adj_r2": 0.9937222464717486,
    "mae": 0.0699209880029959,
    "rmse": 0.10199946702628836,
    "max_overpredict": 0.1634175618108294,
    "mos_01": 0.1571647103955913,
    "inference_time_ms": 2.6916105052805506
  },
  "y_pred_test": [
    3.3463631564376577,
    0.25663789169367446,
    2.963655351067245,
    3.212422055896381,
    3.26902510281473,
    3.254493103156472,
    3.3703532337767017,
    0.5598379581759985,
    0.3869707802035456,
    2.99179017298395,
    0.31414008868891985,
    3.3793850142664525,
    3.3724549308798144,
    2.443852071409555,
    3.306100569661174,
    3.363953205379242,
    0.35891066144169836,
    3.379181997792177,
    3.380230413748005,
    0.7854747894159049,
    0.5903952373782122,
    2.5763280275122864,
    3.3231366175195856,
    3.2358878612671136,
    2.7010265917082297,
    3.1601609406255644,
    0.6938039913763117,
    0.21417271569949747,
    1.923290065453634,
    0.60487455476903,
    0.4270994779305075,
    3.3293952379401768,
    2.6273605839755287,
    3.3317402656370776,
    2.018043602713889,
    0.44188999589602385,
    3.374611931192451,
    1.940005847017116,
    3.3934096999218863,
    0.05925195397890559,
    0.33362805594873546,
    0.4367380680425903,
    3.105195213326436,
    0.21343583279964307,
    3.3764215658273944,
    0.9535440270632252,
    0.16289238812483164,
    0.27144604245659076,
    0.1259982321304718,
    3.220789445580497,
    3.328460737012466,
    0.1751014749364912,
    3.188858982865618,
    0.3752862133906365,
    1.3288088330420726,
    0.2886549599470227,
    3.361658267653764,
    1.8204273969466291,
    0.10275524877528763,
    2.058983173545736,
    3.3837575384805962,
    0.1260863314313354,
    2.0231709370450273,
    3.3573484034365695,
    3.3708724874256135,
    3.1213164102458464,
    1.997504725729635,
    0.6407067569281137,
    3.1280815308558902,
    0.24938612113794356,
    0.4922565360067668,
    3.35176279673124,
    1.2287679894456165,
    3.3344389136955934,
    3.280988055528013,
    0.4667480146692302,
    0.2265521971644724,
    0.2619810521763626,
    2.1704939006524167,
    0.09162603397816116,
    0.9364471899189077,
    0.5798824161876328,
    3.3816774692672578,
    2.9856750073351006,
    3.3759577983141957,
    3.23712668555624,
    2.441604906419602,
    0.6237702156216549,
    1.4795105062322427,
    3.371354437208456,
    2.2735670406446413,
    3.332973900633837,
    0.4911477922068457,
    3.3702374668745563
  ],
  "y_true_test": [
    3.349368377955629,
    0.2792587077218682,
    3.073434113163204,
    3.1666674712841814,
    3.2114811173152193,
    3.202895892961604,
    3.3575675257857105,
    0.6038193878672351,
    0.37133474109041115,
    2.918020084240991,
    0.2321391353147697,
    3.354722815913323,
    3.3499194943491184,
    2.3754936950957775,
    3.3570083741703645,
    3.3405965696101565,
    0.27889577133479626,
    3.3569183642628615,
    3.3474185166745745,
    0.7454814673597899,
    0.6028225829086374,
    2.512354050659426,
    3.3396555197566244,
    3.3584648162802333,
    2.6477090298801222,
    3.1669802618838045,
    0.6036064753652698,
    0.09271219344275428,
    1.8592015386467737,
    0.5100277107405282,
    0.3719800807365657,
    3.3489312218704845,
    2.5087351337736385,
    3.3529192406037005,
    2.225412365939938,
    0.27847243408519445,
    3.3438788255910668,
    1.8549138727725696,
    3.3542152096994653,
    0.18576342463471288,
    0.278604870104471,
    0.557113552684977,
    3.3521255381237323,
    0.1851167526072678,
    3.3544867487924255,
    0.8346597018310369,
    0.13923292370924906,
    0.13930671897064095,
    0.13945489631838137,
    3.167266822051154,
    3.3412098669208663,
    0.13920856737350507,
    3.3411589172136162,
    0.3713539195991425,
    1.2482708402921447,
    0.5559762666949631,
    3.3483225758709048,
    1.764583887313156,
    0.09277620455035294,
    2.0381825194645664,
    3.3516612228443576,
    0.0928517822509852,
    2.049564865238501,
    3.356764119197566,
    3.343876954054317,
    3.0661711319553824,
    1.8614746673194575,
    0.5566891917690445,
    3.2134525766105337,
    0.09269205547253143,
    0.37054105157471595,
    3.3458371658361847,
    1.1607362203740204,
    3.357056099281945,
    3.352135056087975,
    0.4646319665239749,
    0.23248515351073054,
    0.2789780353144151,
    2.044519349592265,
    0.2789849126027949,
    0.8841839740043062,
    1.020892734733148,
    3.3534730409504707,
    3.3491140110096316,
    3.3562067033996477,
    3.3490763700484356,
    2.5117823123769933,
    0.6053623871143237,
    1.6746860662176382,
    3.3411068432230313,
    2.234058180578482,
    3.3570584891223674,
    0.4624399155165984,
    3.348292561064097
  ]
}