{
  "model": "polynomial_regression",
  "feature_set": [
    "boxcox_tip_deflection_slope",
    "boxcox_tip_per_g_at_failure",
    "boxcox_avg_strain_at_failure",
    "boxcox_avg_strain_slope",
    "boxcox_strain_energy_at_failure",
    "boxcox_strain_energy_slope",
    "boxcox_k_spring",
    "boxcox_inv_tip_per_g_at_failure",
    "boxcox_inv_tip_deflection_slope",
    "boxcox_inv_max_vm_stress_at_failure",
    "boxcox_sqrt_strain_energy_at_failure",
    "boxcox_max_vm_stress_at_failure"
  ],
  "n_features": 12,
  "train_time_s": 0.028357622999465093,
  "cv_r2": 0.9742643030360213,
  "metrics": {
    "adj_r2": 0.993651147342175,
    "mae": 0.06979239297819635,
    "rmse": 0.09954894916544071,
    "max_overpredict": 0.21115369972263454,
    "mos_01": 0.1556020475273368,
    "inference_time_ms": 0.2397759999439586
  },
  "y_pred_test": [
    3.35620749063991,
    0.2953455546554453,
    2.8809560695775174,
    3.2673112416045926,
    3.256017175504236,
    3.2307181280167248,
    3.382674690019945,
    0.5707736936485519,
    0.37920056805137636,
    2.9520128355234023,
    0.2734772103607035,
    3.398566112537824,
    3.3637648499323753,
    2.361024646592943,
    3.278904256444254,
    3.3349197625635547,
    0.34495274438438295,
    3.3966275621613082,
    3.3795406931919367,
    0.8459851098739568,
    0.5424202985325481,
    2.5853623919775757,
    3.3382832929831707,
    3.2576997986709686,
    2.7517750602471285,
    3.301003283314694,
    0.7258461155102858,
    -0.004561615468805069,
    1.850055672603645,
    0.4752592263743465,
    0.48013272927929673,
    3.3129934969650456,
    2.574586597037014,
    3.292077900920161,
    2.2303097048239664,
    0.38574565307030095,
    3.362672888035074,
    1.9045298063128386,
    3.3772611189235513,
    -0.16259059498263095,
    0.37215201179695456,
    0.5015728911967119,
    3.1640989013896386,
    0.1862394613170606,
    3.3962851741598596,
    0.9860804422038894,
    0.08716839825875922,
    0.08380340442888756,
    0.07808992034576878,
    3.2881302782018906,
    3.3082603918033877,
    0.05074675039747767,
    3.0760773812946525,
    0.38711166796326624,
    1.2964232344729094,
    0.6173796013575439,
    3.320908081762225,
    1.8489523799972676,
    -0.09192702253136309,
    2.038977861340227,
    3.3836844461700055,
    -0.04022236530045031,
    2.042859359285193,
    3.4109122111469214,
    3.391490551753735,
    3.1057614979147203,
    2.0040704860921648,
    0.6562193285134588,
    3.043909855654742,
    0.10438087519577266,
    0.5816947512973505,
    3.3341782782517537,
    1.2263164240782767,
    3.327967747786428,
    3.3397367144549905,
    0.43003992199771135,
    0.22699468354420316,
    0.26509352539334197,
    2.1348579670978975,
    -0.054381626716058395,
    0.9685586372867978,
    0.9194913763753452,
    3.386512343660363,
    3.0366906187384153,
    3.400552073654662,
    3.299445059284208,
    2.472847181804678,
    0.6285974337753337,
    1.7943332029649675,
    3.3473029196881585,
    2.2544461329764127,
    3.3534464882729003,
    0.5251509491633513,
    3.3505186101666733
  ],
  "y_true_test": [
    3.349368377955629,
    0.2792587077218682,
    3.073434113163204,
    3.1666674712841814,
    3.2114811173152193,
    3.202895892961604,
    3.3575675257857105,
    0.6038193878672351,
    0.37133474109041115,
    2.918020084240991,
    0.2321391353147697,
    3.354722815913323,
    3.3499194943491184,
    2.3754936950957775,
    3.3570083741703645,
    3.3405965696101565,
    0.27889577133479626,
    3.3569183642628615,
    3.3474185166745745,
    0.7454814673597899,
    0.6028225829086374,
    2.512354050659426,
    3.3396555197566244,
    3.3584648162802333,
    2.6477090298801222,
    3.1669802618838045,
    0.6036064753652698,
    0.09271219344275428,
    1.8592015386467737,
    0.5100277107405282,
    0.3719800807365657,
    3.3489312218704845,
    2.5087351337736385,
    3.3529192406037005,
    2.225412365939938,
    0.27847243408519445,
    3.3438788255910668,
    1.8549138727725696,
    3.3542152096994653,
    0.18576342463471288,
    0.278604870104471,
    0.557113552684977,
    3.3521255381237323,
    0.1851167526072678,
    3.3544867487924255,
    0.8346597018310369,
    0.13923292370924906,
    0.13930671897064095,
    0.13945489631838137,
    3.167266822051154,
    3.3412098669208663,
    0.13920856737350507,
    3.3411589172136162,
    0.3713539195991425,
    1.2482708402921447,
    0.5559762666949631,
    3.3483225758709048,
    1.764583887313156,
    0.09277620455035294,
    2.0381825194645664,
    3.3516612228443576,
    0.0928517822509852,
    2.049564865238501,
    3.356764119197566,
    3.343876954054317,
    3.0661711319553824,
    1.8614746673194575,
    0.5566891917690445,
    3.2134525766105337,
    0.09269205547253143,
    0.37054105157471595,
    3.3458371658361847,
    1.1607362203740204,
    3.357056099281945,
    3.352135056087975,
    0.4646319665239749,
    0.23248515351073054,
    0.2789780353144151,
    2.044519349592265,
    0.2789849126027949,
    0.8841839740043062,
    1.020892734733148,
    3.3534730409504707,
    3.3491140110096316,
    3.3562067033996477,
    3.3490763700484356,
    2.5117823123769933,
    0.6053623871143237,
    1.6746860662176382,
    3.3411068432230313,
    2.234058180578482,
    3.3570584891223674,
    0.4624399155165984,
    3.348292561064097
  ],
  "coefficients": {
    "boxcox_tip_deflection_slope": 0.00431667485411782,
    "boxcox_tip_per_g_at_failure": -0.02757728943918851,
    "boxcox_avg_strain_at_failure": 0.7003901754861663,
    "boxcox_avg_strain_slope": -0.5498373341168804,
    "boxcox_strain_energy_at_failure": 0.8057415649893149,
    "boxcox_strain_energy_slope": -1.074133690516828,
    "boxcox_k_spring": 0.004316674853958604,
    "boxcox_inv_tip_per_g_at_failure": -0.027577289439048306,
    "boxcox_inv_tip_deflection_slope": 0.0043166748539666434,
    "boxcox_inv_max_vm_stress_at_failure": 0.0044232595189146575,
    "boxcox_sqrt_strain_energy_at_failure": 0.8035211693255141,
    "boxcox_max_vm_stress_at_failure": 0.004423259518858716
  }
}