{
  "model": "random_forest",
  "feature_set": [
    "boxcox_tip_deflection_slope",
    "boxcox_avg_strain_slope",
    "boxcox_strain_energy_slope",
    "boxcox_k_spring",
    "boxcox_inv_tip_deflection_slope",
    "ranked_strain_p04",
    "ranked_strain_p23",
    "ranked_strain_p24",
    "gompertz_log_b",
    "gompertz_c"
  ],
  "n_features": 10,
  "train_time_s": 26.1717576489973,
  "cv_r2": 0.9501889065778151,
  "metrics": {
    "adj_r2": 0.9531989770889681,
    "mae": 0.16218758506722122,
    "rmse": 0.2735982185727203,
    "max_overpredict": 1.1022330805157574,
    "mos_01": 0.9677005124314355,
    "inference_time_ms": 4.942068000673316
  },
  "y_pred_test": [
    3.3485236556977473,
    0.30151864951121027,
    3.041818153042078,
    3.1853299777470636,
    3.223682368827957,
    3.158211855768613,
    3.299225666894705,
    0.6851564429995386,
    0.4139068546023321,
    3.2303607959230125,
    0.23840442221847688,
    3.355296610393004,
    3.2284399664338115,
    2.534534407817955,
    3.3198659766002034,
    3.2260902411039636,
    0.2729864833895271,
    3.318670979028673,
    3.347374456004586,
    0.7846000338597444,
    0.6555675663287859,
    2.5426283619783945,
    3.1565016444056146,
    3.343705382575181,
    2.6326380880402143,
    3.342640088931101,
    0.44352505457785235,
    0.1652763928240944,
    2.05263633411396,
    1.120648541693882,
    0.3813369045029446,
    3.112283196381638,
    2.914841087713994,
    3.287968661562177,
    2.3401711518111346,
    1.380705514600952,
    3.314471340349065,
    2.332554372312498,
    3.3545067487404374,
    0.8985727686216834,
    0.39553454316197134,
    0.6989075602486408,
    3.1317080202633942,
    0.22186423784266704,
    3.2162842691423874,
    0.7097518037431336,
    0.19924914891781004,
    0.19967854011758024,
    0.2508225996119031,
    3.2804615485726405,
    3.130210478065201,
    0.2137076885347392,
    3.1534681208464237,
    0.37152848975118785,
    1.7028962680962192,
    1.4223687525566604,
    3.175507055938289,
    1.8589009261125622,
    0.23516115279263727,
    2.198817241312433,
    3.3478603205626625,
    0.1294218034374917,
    2.3462911430658404,
    3.3542740965733246,
    3.029234379702315,
    3.245973009307856,
    2.3006193003526274,
    0.5931487956174357,
    3.004946440830534,
    0.8485167482310227,
    1.3281154567309885,
    3.312726148033527,
    1.1526969090714188,
    3.3543887689207765,
    3.3485936593957195,
    0.4505993799021148,
    0.27263749637638157,
    0.3213961557057232,
    2.460685704900487,
    0.4714390210413713,
    0.9197668840016281,
    1.7211805017080277,
    3.347647871803653,
    3.168926161831611,
    3.2109310019130417,
    3.3405621594658284,
    2.7822002752452293,
    0.5598406060934823,
    1.5509209500563192,
    3.228760141756492,
    2.5080695536990714,
    3.3556133855206873,
    0.4306625019764133,
    3.3199801392317125
  ],
  "y_true_test": [
    3.349368377955629,
    0.2792587077218682,
    3.073434113163204,
    3.1666674712841814,
    3.2114811173152193,
    3.202895892961604,
    3.3575675257857105,
    0.6038193878672351,
    0.37133474109041115,
    2.918020084240991,
    0.2321391353147697,
    3.354722815913323,
    3.3499194943491184,
    2.3754936950957775,
    3.3570083741703645,
    3.3405965696101565,
    0.27889577133479626,
    3.3569183642628615,
    3.3474185166745745,
    0.7454814673597899,
    0.6028225829086374,
    2.512354050659426,
    3.3396555197566244,
    3.3584648162802333,
    2.6477090298801222,
    3.1669802618838045,
    0.6036064753652698,
    0.09271219344275428,
    1.8592015386467737,
    0.5100277107405282,
    0.3719800807365657,
    3.3489312218704845,
    2.5087351337736385,
    3.3529192406037005,
    2.225412365939938,
    0.27847243408519445,
    3.3438788255910668,
    1.8549138727725696,
    3.3542152096994653,
    0.18576342463471288,
    0.278604870104471,
    0.557113552684977,
    3.3521255381237323,
    0.1851167526072678,
    3.3544867487924255,
    0.8346597018310369,
    0.13923292370924906,
    0.13930671897064095,
    0.13945489631838137,
    3.167266822051154,
    3.3412098669208663,
    0.13920856737350507,
    3.3411589172136162,
    0.3713539195991425,
    1.2482708402921447,
    0.5559762666949631,
    3.3483225758709048,
    1.764583887313156,
    0.09277620455035294,
    2.0381825194645664,
    3.3516612228443576,
    0.0928517822509852,
    2.049564865238501,
    3.356764119197566,
    3.343876954054317,
    3.0661711319553824,
    1.8614746673194575,
    0.5566891917690445,
    3.2134525766105337,
    0.09269205547253143,
    0.37054105157471595,
    3.3458371658361847,
    1.1607362203740204,
    3.357056099281945,
    3.352135056087975,
    0.4646319665239749,
    0.23248515351073054,
    0.2789780353144151,
    2.044519349592265,
    0.2789849126027949,
    0.8841839740043062,
    1.020892734733148,
    3.3534730409504707,
    3.3491140110096316,
    3.3562067033996477,
    3.3490763700484356,
    2.5117823123769933,
    0.6053623871143237,
    1.6746860662176382,
    3.3411068432230313,
    2.234058180578482,
    3.3570584891223674,
    0.4624399155165984,
    3.348292561064097
  ]
}