{
  "model": "random_forest",
  "feature_set": [
    "tip_deflection_slope",
    "tip_per_g_at_failure",
    "avg_strain_at_failure",
    "avg_strain_slope",
    "strain_energy_at_failure",
    "strain_energy_slope",
    "k_spring",
    "Node_at_(-1.21000003814697, 0.620000004768372, 0.100502014160156)_failure",
    "Node_at_(-1.99000000953674, 1.86000001430511, -0.33738985657692)_failure",
    "Node_at_(-1.21000003814697, 1.86000001430511, -0.373274862766266)_failure",
    "Node_at_(-0.280000001192093, 1.86000001430511, -0.226147294044495)_failure",
    "Node_at_(-1.99000000953674, 0.620000004768372, -0.00359349278733134)_failure",
    "Node_at_(-0.280000001192093, 0.620000004768372, 0.145904913544655)_failure",
    "Node_at_(-1.27934789657593, 5.09038782119751, -0.247998923063278)_failure",
    "Node_at_(-1.96254920959473, 3.0180606842041, -0.0674907341599464)_failure",
    "Node_at_(-1.22343933582306, 3.03010153770447, 0.0305737629532814)_failure",
    "Node_at_(-0.351546585559845, 3.03565835952759, 0.0758307278156281)_failure",
    "Node_at_(-1.33525657653809, 7.15067100524902, -0.526596128940582)_failure",
    "Node_at_(-0.899809300899506, 7.15486812591553, -0.492415010929108)_failure",
    "Node_at_(-1.30730223655701, 6.08374261856079, -0.686900079250336)_failure",
    "Node_at_(-0.762743651866913, 6.09234952926636, -0.616802513599396)_failure",
    "Node_at_(-1.36321091651917, 8.15624618530273, -0.865970075130463)_failure",
    "Node_at_(-1.03687500953674, 8.16042137145996, -0.831966936588287)_failure",
    "Node_at_(-0.48861226439476, 4.02499437332153, -0.395802319049835)_failure",
    "Node_at_(-0.625677943229675, 5.09551858901978, -0.206212624907494)_failure",
    "Node_at_(-1.25139367580414, 4.01124095916748, -0.507814168930054)_failure",
    "Node_at_(-1.67705488204956, 8.15699577331543, -0.859869658946991)_failure",
    "Node_at_(-1.79125261306763, 6.08572340011597, -0.670768141746521)_failure",
    "Node_at_(-1.84835147857666, 5.08138942718506, -0.321285039186478)_failure",
    "Node_at_(-1.90545034408569, 4.01458883285522, -0.480548650026321)_failure",
    "Node_at_(-1.73415374755859, 7.14465618133545, -0.575582563877106)_failure"
  ],
  "n_features": 31,
  "train_time_s": 189.20259203299065,
  "cv_r2": 0.9459846121995354,
  "metrics": {
    "adj_r2": 0.9560318377093633,
    "mae": 0.1370224288879389,
    "rmse": 0.22919838240785514,
    "max_overpredict": 0.8845198634349418,
    "mos_01": 0.7287573404705279,
    "inference_time_ms": 57.93465199531056
  },
  "y_pred_test": [
    3.3281547716926463,
    0.3315749117093616,
    2.707424125810508,
    3.1668673124581512,
    3.212853706804998,
    3.2042213013862666,
    3.3180756506397846,
    0.7362406216789643,
    0.3535689174309941,
    3.2268722472879854,
    0.17870200394288124,
    3.352831022397654,
    3.3443597358899844,
    2.712582429847363,
    3.323860201701228,
    3.322087869390369,
    0.25109791675026516,
    3.352992227912823,
    3.345582911920299,
    0.854578102014556,
    0.727127276898282,
    3.1158857834342246,
    3.244581486037353,
    3.354844342344087,
    2.684727396373986,
    3.3422747456901254,
    0.3486546123266158,
    0.12475719141588831,
    2.0103325905067706,
    0.28693422709022043,
    0.3484176063351846,
    3.316196742378732,
    2.9019246140478527,
    3.309624444371401,
    2.6512954361892165,
    0.14911939683093786,
    3.344894645724071,
    2.4958395363009984,
    3.3474515774915603,
    0.31304434928638053,
    0.24224490110408178,
    0.7539691696573261,
    3.350865731253608,
    0.15484273952896901,
    3.349338484618147,
    0.7444537869099253,
    0.1282337406434146,
    0.10833907967357692,
    0.13800093600760308,
    3.2269209341941627,
    3.316514024671366,
    0.15616957260498499,
    3.1150623352414955,
    0.3440843419698613,
    1.201632789354301,
    1.048001283793502,
    3.273182009307155,
    1.8395787947277442,
    0.12260709694383157,
    1.9582605747379644,
    3.34860295031624,
    0.16944092079944084,
    2.766598144840741,
    3.3546514754061367,
    3.2216799664677853,
    3.2906258919322275,
    2.2109174647686753,
    0.5750860506387173,
    3.0111263217994155,
    0.1147511825387159,
    0.18837993701286987,
    3.3232193310720186,
    1.4853478102910622,
    3.09898541768669,
    3.3548124391624605,
    0.5469624889344987,
    0.258627194129066,
    0.3322802255677488,
    2.70556134975938,
    0.4085187994068016,
    0.9778428404505629,
    1.361417449532997,
    3.347089965119331,
    2.890968375544873,
    3.296865845341478,
    3.349875844640192,
    2.6833477416495737,
    0.6657285486264362,
    2.183855851097676,
    3.2782153479179503,
    3.118578044013424,
    3.338089791506248,
    0.5221381309893716,
    3.288456561882547
  ],
  "y_true_test": [
    3.349368377955629,
    0.2792587077218682,
    3.073434113163204,
    3.1666674712841814,
    3.2114811173152193,
    3.202895892961604,
    3.3575675257857105,
    0.6038193878672351,
    0.37133474109041115,
    2.918020084240991,
    0.2321391353147697,
    3.354722815913323,
    3.3499194943491184,
    2.3754936950957775,
    3.3570083741703645,
    3.3405965696101565,
    0.27889577133479626,
    3.3569183642628615,
    3.3474185166745745,
    0.7454814673597899,
    0.6028225829086374,
    2.512354050659426,
    3.3396555197566244,
    3.3584648162802333,
    2.6477090298801222,
    3.1669802618838045,
    0.6036064753652698,
    0.09271219344275428,
    1.8592015386467737,
    0.5100277107405282,
    0.3719800807365657,
    3.3489312218704845,
    2.5087351337736385,
    3.3529192406037005,
    2.225412365939938,
    0.27847243408519445,
    3.3438788255910668,
    1.8549138727725696,
    3.3542152096994653,
    0.18576342463471288,
    0.278604870104471,
    0.557113552684977,
    3.3521255381237323,
    0.1851167526072678,
    3.3544867487924255,
    0.8346597018310369,
    0.13923292370924906,
    0.13930671897064095,
    0.13945489631838137,
    3.167266822051154,
    3.3412098669208663,
    0.13920856737350507,
    3.3411589172136162,
    0.3713539195991425,
    1.2482708402921447,
    0.5559762666949631,
    3.3483225758709048,
    1.764583887313156,
    0.09277620455035294,
    2.0381825194645664,
    3.3516612228443576,
    0.0928517822509852,
    2.049564865238501,
    3.356764119197566,
    3.343876954054317,
    3.0661711319553824,
    1.8614746673194575,
    0.5566891917690445,
    3.2134525766105337,
    0.09269205547253143,
    0.37054105157471595,
    3.3458371658361847,
    1.1607362203740204,
    3.357056099281945,
    3.352135056087975,
    0.4646319665239749,
    0.23248515351073054,
    0.2789780353144151,
    2.044519349592265,
    0.2789849126027949,
    0.8841839740043062,
    1.020892734733148,
    3.3534730409504707,
    3.3491140110096316,
    3.3562067033996477,
    3.3490763700484356,
    2.5117823123769933,
    0.6053623871143237,
    1.6746860662176382,
    3.3411068432230313,
    2.234058180578482,
    3.3570584891223674,
    0.4624399155165984,
    3.348292561064097
  ]
}